analysis_mode	gene_id	gene_name	gene_type	variant_id	position	ccre	annotation_16_class	retained_track_count	mean_rel	median_rel	q90_rel	max_rel	mean_signed_percent	up_track_count	mean_up_percent	down_track_count	mean_down_magnitude_percent	direction_consistency
protein_coding	ENSG00000102010	BMX	protein_coding	chrX:15602217:T:C	downstream	PLS	downstream|PLS	2	0.1397360414266586	0.1397360414266586	0.14107365310192108	0.1414080560207367	16.163439966797014	2	16.163439966797014	0		1.0
protein_coding	ENSG00000147003	CLTRN	protein_coding	chrX:15602217:T:C	downstream	PLS	downstream|PLS	13	0.15319096411649993	0.1128435879945755	0.26629754602909084	0.2872606813907623	19.056528726645837	13	19.056528726645837	0		1.0
lncRNA	ENSG00000273102	ENSG00000273102	lncRNA	chr21:33931656:T:C	downstream	PLS	downstream|PLS	20	0.08354844711720939	0.08219060674309725	0.0925100192427635	0.0983808860182762	9.122630400878919	20	9.122630400878919	0		1.0
protein_coding	ENSG00000204531	POU5F1	protein_coding	chr6:31158455:C:T	downstream	PLS	downstream|PLS	85	0.12250710156034017	0.11176298558712	0.17650005519390102	0.2317671626806259	12.242426527753313	85	12.242426527753313	0		1.0
protein_coding	ENSG00000163823	CCR1	protein_coding	chr3:46098581:G:T	downstream	dELS	downstream|dELS	14	0.09416445397904939	0.0828190110623836	0.11517584323883054	0.1657510250806808	-3.8736743647164213	5	7.753657352156429	9	10.333303096312449	0.6428571428571429
protein_coding	ENSG00000163823	CCR1	protein_coding	chr3:46109445:G:A	downstream	dELS	downstream|dELS	10	0.12600764855742452	0.12417350709438321	0.1417861357331275	0.1497900485992431	-11.173607234681107	0		10	11.173607234681107	1.0
protein_coding	ENSG00000163823	CCR1	protein_coding	chr3:46127668:G:C	downstream	dELS	downstream|dELS	21	0.0881791593773024	0.0821566432714462	0.1117142587900161	0.1156473606824874	-8.803228079865457	0		21	8.803228079865457	1.0
protein_coding	ENSG00000121807	CCR2	protein_coding	chr3:46362190:G:A	downstream	dELS	downstream|dELS	5	0.0875738069415092	0.0885783955454826	0.09223847985267636	0.0940303802490234	-8.754733171738469	0		5	8.754733171738469	1.0
lncRNA	ENSG00000223552	CCR5AS	lncRNA	chr3:46349899:A:G	downstream	dELS	downstream|dELS	2	0.08219837769865984	0.08219837769865984	0.08632573410868637	0.087357573211193	8.959445531437918	2	8.959445531437918	0		1.0
protein_coding	ENSG00000121797	CCRL2	protein_coding	chr3:46442770:C:G	downstream	dELS	downstream|dELS	10	0.08044284880161282	0.0771897621452808	0.09174034371972077	0.0917539224028587	8.04339504122704	10	8.04339504122704	0		1.0
protein_coding	ENSG00000164400	CSF2	protein_coding	chr5:132076545:A:G	downstream	dELS	downstream|dELS	5	0.09053971171379085	0.0917582735419273	0.09515399187803261	0.0956964567303657	-9.050041910445312	0		5	9.050041910445312	1.0
protein_coding	ENSG00000172215	CXCR6	protein_coding	chr3:45948429:G:T	downstream	dELS	downstream|dELS	3	0.07729390760262803	0.076989009976387	0.07871224582195276	0.0791430547833442	-7.703450579020603	0		3	7.703450579020603	1.0
protein_coding	ENSG00000172215	CXCR6	protein_coding	chr3:45948725:A:G	downstream	dELS	downstream|dELS	6	0.08357425158222513	0.0834058634936809	0.0906356833875179	0.092026948928833	-7.687051275075231	0		6	7.687051275075231	1.0
protein_coding	ENSG00000172215	CXCR6	protein_coding	chr3:46046453:A:T	downstream	dELS	downstream|dELS	3	0.0895684237281481	0.0900730565190315	0.09034150391817086	0.0904086157679557	-8.956199986928674	0		3	8.956199986928674	1.0
lncRNA	ENSG00000262881	ENSG00000262881	lncRNA	chr17:45903164:A:C	downstream	dELS	downstream|dELS	2	0.08703694865107535	0.08703694865107535	0.09110660776495931	0.0921240225434303	9.536863719843478	2	9.536863719843478	0		1.0
lncRNA	ENSG00000262881	ENSG00000262881	lncRNA	chr17:45907498:C:T	downstream	dELS	downstream|dELS	1	0.0759725645184516	0.0759725645184516	0.0759725645184516	0.0759725645184516	8.22189021676929	1	8.22189021676929	0		1.0
lncRNA	ENSG00000265964	ENSG00000265964	lncRNA	chr17:45719721:A:T	downstream	dELS	downstream|dELS	1	0.1015000343322753	0.1015000343322753	0.1015000343322753	0.1015000343322753	-9.214713121737274	0		1	9.214713121737274	1.0
lncRNA	ENSG00000285788	ENSG00000285788	lncRNA	chr3:45889513:T:A	downstream	dELS	downstream|dELS	3	0.11596200366814928	0.127248004078865	0.12816942036151885	0.1283997744321823	13.157554140739487	3	13.157554140739487	0		1.0
lncRNA	ENSG00000288720	ENSG00000288720	lncRNA	chr3:45889513:T:A	downstream	dELS	downstream|dELS	2	0.102678507566452	0.102678507566452	0.10692365169525143	0.1079849377274513	11.446676140184492	2	11.446676140184492	0		1.0
lncRNA	ENSG00000291018	ENSG00000291018	lncRNA	chr17:46269852:C:A	downstream	dELS	downstream|dELS	9	0.11224286258220667	0.1032398790121078	0.1424828290939331	0.1656855940818786	-10.048128470350806	0		9	10.048128470350806	1.0
protein_coding	ENSG00000105376	ICAM5	protein_coding	chr19:10305768:G:A	downstream	dELS	downstream|dELS	2	0.08045962080359456	0.08045962080359456	0.0809304885566234	0.0810482054948806	8.037296957564863	2	8.037296957564863	0		1.0
protein_coding	ENSG00000228083	IFNA14	protein_coding	chr9:21236568:G:T	downstream	dELS	downstream|dELS	3	0.08150913069645556	0.0843397751450538	0.08567728549242011	0.0860116630792617	-8.08029398535853	0		3	8.08029398535853	1.0
lncRNA	ENSG00000223799	IL10RB-DT	lncRNA	chr21:33216965:A:G	downstream	dELS	downstream|dELS	5	0.09666884690523143	0.0972601696848869	0.10043454915285108	0.1021239086985588	-9.666885736601206	0		5	9.666885736601206	1.0
lncRNA	ENSG00000223799	IL10RB-DT	lncRNA	chr21:33261740:C:G	downstream	dELS	downstream|dELS	2	0.08473817259073255	0.08473817259073255	0.08899672180414195	0.0900613591074943	-8.473815832355085	0		2	8.473815832355085	1.0
protein_coding	ENSG00000163818	LZTFL1	protein_coding	chr3:45818159:G:A	downstream	dELS	downstream|dELS	1	0.0782026275992393	0.0782026275992393	0.0782026275992393	0.0782026275992393	7.818142712160682	1	7.818142712160682	0		1.0
lncRNA	ENSG00000264589	MAPT-AS1	lncRNA	chr17:45771095:G:A	downstream	dELS	downstream|dELS	1	0.1131085827946662	0.1131085827946662	0.1131085827946662	0.1131085827946662	-10.161507092610938	0		1	10.161507092610938	1.0
lncRNA	ENSG00000279685	MAPT-IT1	lncRNA	chr17:45903164:A:C	downstream	dELS	downstream|dELS	11	0.09085129946470256	0.0842280313372612	0.1358069032430648	0.1424207687377929	10.068780705409072	11	10.068780705409072	0		1.0
lncRNA	ENSG00000279685	MAPT-IT1	lncRNA	chr17:45907498:C:T	downstream	dELS	downstream|dELS	4	0.07936644367873663	0.0796212069690227	0.08054288849234575	0.0809319540858268	-7.352919730689616	0		4	7.352919730689616	1.0
lncRNA	ENSG00000279685	MAPT-IT1	lncRNA	chr17:45908231:C:T	downstream	dELS	downstream|dELS	4	0.10897722467780108	0.1124172396957874	0.12204346433281892	0.1257755905389785	12.260940113521638	4	12.260940113521638	0		1.0
lncRNA	ENSG00000279685	MAPT-IT1	lncRNA	chr17:45924013:C:T	downstream	dELS	downstream|dELS	2	0.07570564746856684	0.07570564746856684	0.07619982361793513	0.0763233676552772	-7.037737357485991	0		2	7.037737357485991	1.0
lncRNA	ENSG00000279685	MAPT-IT1	lncRNA	chr17:45935980:T:C	downstream	dELS	downstream|dELS	3	0.09827295194069542	0.0976845622062683	0.09963786005973814	0.1001261845231056	10.898552281949293	3	10.898552281949293	0		1.0
lncRNA	ENSG00000279685	MAPT-IT1	lncRNA	chr17:45936117:A:G	downstream	dELS	downstream|dELS	26	0.15254440158605573	0.10283074155449864	0.3723636418581009	0.5031917095184326	11.908651104024678	13	32.57133777063446	13	8.7540355625851	0.5
lncRNA	ENSG00000279685	MAPT-IT1	lncRNA	chr17:45941033:A:G	downstream	dELS	downstream|dELS	13	0.0968791802342121	0.0796380564570427	0.1405315324664116	0.1479938626289367	-8.780987195528725	0		13	8.780987195528725	1.0
lncRNA	ENSG00000279685	MAPT-IT1	lncRNA	chr17:45977230:T:G	downstream	dELS	downstream|dELS	1	0.0756066963076591	0.0756066963076591	0.0756066963076591	0.0756066963076591	8.179063598412618	1	8.179063598412618	0		1.0
protein_coding	ENSG00000185499	MUC1	protein_coding	chr1:155185159:A:G	downstream	dELS	downstream|dELS	2	0.07805612310767165	0.07805612310767165	0.07899731919169417	0.0792326182126998	8.465780839223477	2	8.465780839223477	0		1.0
protein_coding	ENSG00000185499	MUC1	protein_coding	chr1:155185239:G:A	downstream	dELS	downstream|dELS	6	0.08379903187354404	0.08169724047183985	0.0951332151889801	0.0978604182600975	-7.72450280836716	0		6	7.72450280836716	1.0
protein_coding	ENSG00000204531	POU5F1	protein_coding	chr6:31144825:G:C	downstream	dELS	downstream|dELS	1	0.097490094602108	0.097490094602108	0.097490094602108	0.097490094602108	9.748328427267651	1	9.748328427267651	0		1.0
protein_coding	ENSG00000087074	PPP1R15A	protein_coding	chr19:48876609:A:G	downstream	dELS	downstream|dELS	2	0.084201268851757	0.084201268851757	0.0850210174918174	0.0852259546518325	-7.7660903986139065	0		2	7.7660903986139065	1.0
protein_coding	ENSG00000204540	PSORS1C1	protein_coding	chr6:31144825:G:C	downstream	dELS	downstream|dELS	5	0.10663639307022091	0.1001832634210586	0.13886576890945432	0.1632723957300186	10.653362702024706	5	10.653362702024706	0		1.0
protein_coding	ENSG00000163825	RTP3	protein_coding	chr3:46545966:A:C	downstream	dELS	downstream|dELS	7	0.09095650059836247	0.0950925648212432	0.09915851354598995	0.1025426387786865	-8.990801575159015	0		7	8.990801575159015	1.0
protein_coding	ENSG00000104804	TULP2	protein_coding	chr19:48876620:C:T	downstream	dELS	downstream|dELS	2	0.07483173161745064	0.07483173161745064	0.07529400736093517	0.0754095762968063	8.077090368827497	2	8.077090368827497	0		1.0
lncRNA	ENSG00000262372	ENSG00000262372	lncRNA	chr17:46038364:G:A	downstream	none	downstream|none	1	0.0775065645575523	0.0775065645575523	0.0775065645575523	0.0775065645575523	-7.193140621103715	0		1	7.193140621103715	1.0
lncRNA	ENSG00000262881	ENSG00000262881	lncRNA	chr17:45894571:C:A	downstream	none	downstream|none	4	0.11185405217111108	0.115249004215002	0.12820471599698066	0.129853293299675	12.63405970555252	4	12.63405970555252	0		1.0
lncRNA	ENSG00000265547	ENSG00000265547	lncRNA	chr17:45721536:C:T	downstream	none	downstream|none	1	0.0752454474568367	0.0752454474568367	0.0752454474568367	0.0752454474568367	-6.997979576246414	0		1	6.997979576246414	1.0
lncRNA	ENSG00000265547	ENSG00000265547	lncRNA	chr17:45731650:C:T	downstream	none	downstream|none	3	0.08391142884890233	0.0854216516017913	0.0883469104766845	0.0890782251954078	9.16293437970692	3	9.16293437970692	0		1.0
lncRNA	ENSG00000265964	ENSG00000265964	lncRNA	chr17:45721536:C:T	downstream	none	downstream|none	1	0.0740528926253318	0.0740528926253318	0.0740528926253318	0.0740528926253318	-6.894716320318281	0		1	6.894716320318281	1.0
lncRNA	ENSG00000265964	ENSG00000265964	lncRNA	chr17:45733005:G:C	downstream	none	downstream|none	1	0.0896847993135452	0.0896847993135452	0.0896847993135452	0.0896847993135452	-8.23034048389721	0		1	8.23034048389721	1.0
lncRNA	ENSG00000267344	ENSG00000267344	lncRNA	chr17:45432821:G:C	downstream	none	downstream|none	12	0.09530269416670001	0.09047285467386246	0.11488906666636459	0.1183825209736824	-8.683128127109638	0		12	8.683128127109638	1.0
protein_coding	ENSG00000234745	HLA-B	protein_coding	chr6:31348302:A:C	downstream	none	downstream|none	2	0.08288599178194994	0.08288599178194994	0.08414492234587663	0.0844596549868583	9.036304604806261	2	9.036304604806261	0		1.0
lncRNA	ENSG00000223799	IL10RB-DT	lncRNA	chr21:33245424:A:G	downstream	none	downstream|none	3	0.11028935015201563	0.1102834790945053	0.1212227970361709	0.1239576265215873	12.413777640227726	3	12.413777640227726	0		1.0
lncRNA	ENSG00000256166	LINC02571	lncRNA	chr6:31286089:G:A	downstream	none	downstream|none	3	0.0796484525005022	0.0766437947750091	0.0858841180801391	0.0881941989064216	7.9648419960903505	3	7.9648419960903505	0		1.0
lncRNA	ENSG00000279685	MAPT-IT1	lncRNA	chr17:45908296:T:C	downstream	none	downstream|none	8	0.10691970121115442	0.09392791986465451	0.14820511937141415	0.1557876318693161	-9.581179920858036	0		8	9.581179920858036	1.0
protein_coding	ENSG00000087074	PPP1R15A	protein_coding	chr19:48876645:C:T	downstream	none	downstream|none	1	0.0914982110261917	0.0914982110261917	0.0914982110261917	0.0914982110261917	10.069692860615053	1	10.069692860615053	0		1.0
protein_coding	ENSG00000163825	RTP3	protein_coding	chr3:46510923:T:C	downstream	none	downstream|none	1	0.0741628408432006	0.0741628408432006	0.0741628408432006	0.0741628408432006	7.312483359559097	1	7.312483359559097	0		1.0
protein_coding	ENSG00000256762	STH	protein_coding	chr17:46001466:G:A	downstream	none	downstream|none	2	0.07420736551284784	0.07420736551284784	0.07537465095520013	0.0756664723157882	-6.802810710152043	0		2	6.802810710152043	1.0
protein_coding	ENSG00000104804	TULP2	protein_coding	chr19:48876645:C:T	downstream	none	downstream|none	8	0.09396972320973868	0.09706988185644146	0.10113205984234803	0.1073489338159561	10.366043506300443	8	10.366043506300443	0		1.0
protein_coding	ENSG00000183625	CCR3	protein_coding	chr3:46294178:G:A	downstream	pELS	downstream|pELS	14	0.12888857828719275	0.09931876510381696	0.2104882284998894	0.2247228920459747	-11.208974135701741	0		14	11.208974135701741	1.0
lncRNA	ENSG00000255177	MUC5B-AS1	lncRNA	chr11:1219991:G:T	downstream	pELS	downstream|pELS	39	0.15686584264039988	0.1152287796139717	0.2795030772686005	0.5381030440330505	3.1243398793954844	26	13.761839291830752	13	18.15065894547505	0.6666666666666666
protein_coding	ENSG00000204538	PSORS1C2	protein_coding	chr6:31115133:C:G	downstream	pELS	downstream|pELS	73	0.1257715056816192	0.1132375076413154	0.18671010732650753	0.247670292854309	-9.599414119679441	6	9.315176366778786	67	11.293258043839879	0.9178082191780822
lncRNA	ENSG00000291018	ENSG00000291018	lncRNA	chr17:46267090:T:C	exon	PLS	exon|PLS	135	0.12911417395980265	0.1222726181149482	0.18196039795875546	0.2599677741527557	-11.21360703929899	1	7.411984349261715	134	11.35260398995989	0.9925925925925926
lncRNA	ENSG00000291137	GBA1LP	lncRNA	chr1:155227477:T:C	exon	PLS	exon|PLS	18	0.08037799100081122	0.07921584695577616	0.08699929714202877	0.0940528661012649	2.350614290390091	11	8.584576745986721	7	7.4456124255474725	0.6111111111111112
protein_coding	ENSG00000159110	IFNAR2	protein_coding	chr21:33229941:T:G	exon	PLS	exon|PLS	27	0.08506184374844583	0.0795542076230049	0.09695876091718672	0.1431760936975479	-8.50562299975905	0		27	8.50562299975905	1.0
lncRNA	ENSG00000237945	LINC00649	lncRNA	chr21:33931656:T:C	exon	PLS	exon|PLS	166	0.10328300530651961	0.1038721054792404	0.12236042693257325	0.1399628520011901	-9.338617322319385	0		166	9.338617322319385	1.0
lncRNA	ENSG00000291230	NAPSB	lncRNA	chr19:50344768:G:A	exon	PLS	exon|PLS	187	0.3600351794916678	0.3506769239902496	0.5844348192214966	0.6994426846504211	-35.99454367993189	0		187	35.99454367993189	1.0
protein_coding	ENSG00000111331	OAS3	protein_coding	chr12:112938515:C:T	exon	PLS	exon|PLS	119	0.27355039532945935	0.1961166113615036	0.619848656654358	0.7952423095703125	25.448040021372975	108	29.080376244626727	11	10.214897443300233	0.907563025210084
protein_coding	ENSG00000111331	OAS3	protein_coding	chr12:112938526:C:A	exon	PLS	exon|PLS	1	0.0744050294160842	0.0744050294160842	0.0744050294160842	0.0744050294160842	-7.440195692297926	0		1	7.440195692297926	1.0
protein_coding	ENSG00000087074	PPP1R15A	protein_coding	chr19:48872419:T:C	exon	PLS	exon|PLS	3	0.09735256185134246	0.1002394258975982	0.10422654151916501	0.1052233204245567	10.791983045997895	3	10.791983045997895	0		1.0
protein_coding	ENSG00000163817	SLC6A20	protein_coding	chr3:45796521:G:T	exon	PLS	exon|PLS	37	0.08850842694172983	0.0878451094031333	0.10145442485809324	0.1182317361235618	-2.298787337674789	15	8.038786329556682	22	9.347133019878065	0.5945945945945946
protein_coding	ENSG00000137310	TCF19	protein_coding	chr6:31158455:C:T	exon	PLS	exon|PLS	162	0.2422179473495042	0.2452503517270088	0.38449064493179325	0.4890772402286529	24.21990344427012	162	24.21990344427012	0		1.0
protein_coding	ENSG00000169231	THBS3	protein_coding	chr1:155208991:T:A	exon	PLS	exon|PLS	9	0.08018739355934984	0.0749568045139312	0.08835824280977247	0.0888258591294288	-8.018379244730435	0		9	8.018379244730435	1.0
protein_coding	ENSG00000175164	ABO	protein_coding	chr9:133251108:C:T	exon	dELS	exon|dELS	7	0.09300945167030604	0.0833988711237907	0.12724359482526776	0.1394182443618774	-4.154816335111301	0		7	4.154816335111301	1.0
protein_coding	ENSG00000175164	ABO	protein_coding	chr9:133252569:A:C	exon	dELS	exon|dELS	18	0.09969831051097972	0.0928721465170383	0.12874591350555414	0.1443971395492553	-9.956890360909524	0		18	9.956890360909524	1.0
protein_coding	ENSG00000204536	CCHCR1	protein_coding	chr6:31144825:G:C	exon	dELS	exon|dELS	4	0.14159243740141386	0.1301403976976871	0.20004625171422957	0.2172512412071228	14.158711045049486	4	14.158711045049486	0		1.0
protein_coding	ENSG00000182504	CEP97	protein_coding	chr3:101769337:T:A	exon	dELS	exon|dELS	3	0.08115297555923456	0.0800745040178299	0.08354987204074854	0.0844187140464782	2.0015709132954953	3	2.0015709132954953	0		1.0
protein_coding	ENSG00000172215	CXCR6	protein_coding	chr3:45947552:T:G	exon	dELS	exon|dELS	108	0.12935846243743543	0.1058292537927627	0.22940403074026106	0.3414636552333832	-11.594594761668391	7	9.7562979253902	101	13.07435960136552	0.9351851851851852
lncRNA	ENSG00000262881	ENSG00000262881	lncRNA	chr17:45908231:C:T	exon	dELS	exon|dELS	16	0.14507822645828122	0.12982958555221555	0.23266924172639844	0.2804353237152099	17.53568962474815	16	17.53568962474815	0		1.0
lncRNA	ENSG00000288703	ENSG00000288703	lncRNA	chr3:46091910:A:G	exon	dELS	exon|dELS	4	0.09369780495762822	0.09568692743778225	0.10506902560591697	0.1083579435944557	8.745674602755123	4	8.745674602755123	0		1.0
protein_coding	ENSG00000293268	ENSG00000293268	protein_coding	chr3:101692131:G:C	exon	dELS	exon|dELS	5	0.09147720485925667	0.0912091955542564	0.09969348907470696	0.104281261563301	-8.331016056330288	0		5	8.331016056330288	1.0
protein_coding	ENSG00000186868	MAPT	protein_coding	chr17:45977230:T:G	exon	dELS	exon|dELS	1	0.1004843488335609	0.1004843488335609	0.1004843488335609	0.1004843488335609	11.15161884594935	1	11.15161884594935	0		1.0
protein_coding	ENSG00000087074	PPP1R15A	protein_coding	chr19:48875910:C:T	exon	dELS	exon|dELS	2	0.08639913797378534	0.08639913797378534	0.08646061420440668	0.086475983262062	-7.810413909420932	0		2	7.810413909420932	1.0
protein_coding	ENSG00000173578	XCR1	protein_coding	chr3:46017992:T:C	exon	dELS	exon|dELS	3	0.13110167284806562	0.1291342228651046	0.15218798816204068	0.1579514294862747	13.08845148253235	3	13.08845148253235	0		1.0
protein_coding	ENSG00000175164	ABO	protein_coding	chr9:133252094:A:G	exon	none	exon|none	12	0.10987061262130736	0.11593297868967055	0.13222441077232355	0.1338094174861908	-10.925186270607044	0		12	10.925186270607044	1.0
protein_coding	ENSG00000159314	ARHGAP27	protein_coding	chr17:45432821:G:C	exon	none	exon|none	15	0.10361777842044827	0.0932370275259018	0.1376465857028961	0.1450386941432953	-9.280438981426506	0		15	9.280438981426506	1.0
protein_coding	ENSG00000204542	C6orf15	protein_coding	chr6:31112217:C:T	exon	none	exon|none	140	0.10453731880656307	0.10171051323413846	0.13451972156763076	0.1470805704593658	-10.358765306973867	0		140	10.358765306973867	1.0
protein_coding	ENSG00000183625	CCR3	protein_coding	chr3:46265209:T:C	exon	none	exon|none	12	0.08103169190386926	0.07751376181840891	0.09050280675292008	0.1033540517091751	7.931755736329843	12	7.931755736329843	0		1.0
protein_coding	ENSG00000120088	CRHR1	protein_coding	chr17:45835216:C:T	exon	none	exon|none	4	0.07785352692008014	0.0779205858707428	0.08239560201764103	0.0828519463539123	4.597122899554726	3	8.431668553995765	1	6.906514063768393	0.75
lncRNA	ENSG00000262881	ENSG00000262881	lncRNA	chr17:45908296:T:C	exon	none	exon|none	62	0.09855930531217202	0.09187466278672216	0.12029582411050789	0.2225515991449356	8.191221373544467	56	10.175303101421648	6	10.326874753309232	0.9032258064516129
lncRNA	ENSG00000265547	ENSG00000265547	lncRNA	chr17:45731898:T:G	exon	none	exon|none	8	0.08783198986202476	0.08751425519585605	0.10005585104227063	0.106594979763031	-7.7489945652590855	0		8	7.7489945652590855	1.0
lncRNA	ENSG00000265964	ENSG00000265964	lncRNA	chr17:45734307:C:T	exon	none	exon|none	9	0.08861809389458758	0.0833177790045738	0.10294932723045347	0.1233682334423065	-8.125076681789553	0		9	8.125076681789553	1.0
lncRNA	ENSG00000287884	ENSG00000287884	lncRNA	chr19:4692342:G:C	exon	none	exon|none	13	0.13411327852652621	0.1339167654514312	0.1576584070920944	0.1704339236021042	-11.787570654962995	0		13	11.787570654962995	1.0
lncRNA	ENSG00000288703	ENSG00000288703	lncRNA	chr3:46065761:A:G	exon	none	exon|none	4	0.07864552922546861	0.0786137096583843	0.08327736258506771	0.0834114775061607	-7.8645554602591465	0		4	7.8645554602591465	1.0
protein_coding	ENSG00000176920	FUT2	protein_coding	chr19:48705753:T:C	exon	none	exon|none	45	0.09579576220777296	0.0917075127363205	0.1101874575018882	0.1304811090230941	0.929021236614057	31	1.606515084694973	14	0.571143712707972	0.6888888888888889
protein_coding	ENSG00000186803	IFNA10	protein_coding	chr9:21206606:C:G	exon	none	exon|none	15	0.09996600945790605	0.0987510830163955	0.12773983776569361	0.1419005990028381	8.8352809041207	15	8.8352809041207	0		1.0
protein_coding	ENSG00000159110	IFNAR2	protein_coding	chr21:33245424:A:G	exon	none	exon|none	5	0.11649186015129083	0.1179449558258056	0.12367713600397105	0.1237145736813545	13.191066955902041	5	13.191066955902041	0		1.0
protein_coding	ENSG00000182264	IZUMO1	protein_coding	chr19:48744529:G:A	exon	none	exon|none	161	0.10693179353238629	0.1024539321660995	0.1418271213769912	0.2214251458644867	-10.652850478642758	0		161	10.652850478642758	1.0
lncRNA	ENSG00000226891	LINC01359	lncRNA	chr1:64995008:C:T	exon	none	exon|none	27	0.09771652271350222	0.0882227420806884	0.13452722728252406	0.1541345417499542	-3.064773513531869	3	0.7132109671980373	24	3.5370215736231074	0.8888888888888888
lncRNA	ENSG00000283646	LINC02009	lncRNA	chr3:46418772:C:T	exon	none	exon|none	25	0.08390187740325925	0.0838305130600929	0.09194187968969345	0.0964956954121589	-7.4149954053824505	0		25	7.4149954053824505	1.0
lncRNA	ENSG00000283646	LINC02009	lncRNA	chr3:46419003:T:C	exon	none	exon|none	48	0.08997807465493675	0.0881867446005344	0.10495383068919183	0.1185881793498992	8.759869955916338	48	8.759869955916338	0		1.0
protein_coding	ENSG00000186868	MAPT	protein_coding	chr17:45894571:C:A	exon	none	exon|none	16	0.08756971685215827	0.08150361850857729	0.111818291246891	0.1166162937879562	-8.022097466286473	0		16	8.022097466286473	1.0
lncRNA	ENSG00000279685	MAPT-IT1	lncRNA	chr17:45897919:T:C	exon	none	exon|none	11	0.09534686532887543	0.0928677543997764	0.1130180060863494	0.1484237164258957	-8.673324766796844	0		11	8.673324766796844	1.0
protein_coding	ENSG00000089127	OAS1	protein_coding	chr12:112919388:G:A	exon	none	exon|none	198	0.2924634512476247	0.29144077003002167	0.36918137371540066	0.4841938316822052	-2.710664583015226	62	3.7130796054980553	136	5.639136198366869	0.6868686868686869
protein_coding	ENSG00000089127	OAS1	protein_coding	chr12:112919432:G:C	exon	none	exon|none	33	0.08477072598356183	0.0832162499427795	0.0969830766320228	0.1031829938292503	7.1869789068211745	33	7.1869789068211745	0		1.0
protein_coding	ENSG00000111335	OAS2	protein_coding	chr12:112987349:C:G	exon	none	exon|none	124	0.08392026641916842	0.0817543342709541	0.09808484390377996	0.1337673068046569	-0.45687045372424717	51	0.8847618339990088	73	1.3941752026815901	0.5887096774193549
protein_coding	ENSG00000204531	POU5F1	protein_coding	chr6:31165179:G:C	exon	none	exon|none	4	0.08513617329299444	0.0786245390772819	0.09726419895887368	0.1051427721977233	8.512631398854285	4	8.512631398854285	0		1.0
lncRNA	ENSG00000204528	PSORS1C3	lncRNA	chr6:31173894:C:T	exon	none	exon|none	6	0.09246007104714705	0.09235300868749616	0.1086545214056968	0.1124709695577621	-9.246007930752764	0		6	9.246007930752764	1.0
protein_coding	ENSG00000180739	S1PR5	protein_coding	chr19:10517365:A:C	exon	none	exon|none	25	0.08888353466987606	0.0835441946983337	0.11886246651411052	0.1236307919025421	-8.095965900387968	0		25	8.095965900387968	1.0
protein_coding	ENSG00000133661	SFTPD	protein_coding	chr10:79946568:A:G	exon	none	exon|none	72	0.09185474200381168	0.09074356779456136	0.10818045139312737	0.1397768408060073	9.119438657988578	72	9.119438657988578	0		1.0
protein_coding	ENSG00000121073	SLC35B1	protein_coding	chr17:49701431:C:T	exon	none	exon|none	6	0.07515367368857061	0.07485098764300341	0.07722109556198115	0.0785204023122787	-7.4283386020798	0		6	7.4283386020798	1.0
protein_coding	ENSG00000163817	SLC6A20	protein_coding	chr3:45773677:T:C	exon	none	exon|none	16	0.10548864584416148	0.0905111953616142	0.1459956243634224	0.2027049660682678	8.483676221153113	14	10.868562907135612	2	8.210530580724388	0.875
protein_coding	ENSG00000185294	SPPL2C	protein_coding	chr17:45846764:G:A	exon	none	exon|none	1	0.0837514922022819	0.0837514922022819	0.0837514922022819	0.0837514922022819	2.629438273888267	1	2.629438273888267	0		1.0
protein_coding	ENSG00000104804	TULP2	protein_coding	chr19:48896721:T:C	exon	none	exon|none	52	0.08434814071426021	0.08033644407987589	0.10449160933494567	0.1154626160860061	-7.739314802474089	0		52	7.739314802474089	1.0
protein_coding	ENSG00000104804	TULP2	protein_coding	chr19:48898695:A:C	exon	none	exon|none	5	0.08395366519689554	0.0848551467061042	0.09294255822896955	0.0959904864430427	-7.713138287555978	0		5	7.713138287555978	1.0
protein_coding	ENSG00000204539	CDSN	protein_coding	chr6:31115133:C:G	exon	pELS	exon|pELS	122	0.17612865078644674	0.13354761898517603	0.35568983554840095	0.6052146553993225	-4.73872232032735	44	14.077678737813164	78	15.353102404406613	0.639344262295082
lncRNA	ENSG00000265964	ENSG00000265964	lncRNA	chr17:45733507:A:T	exon	pELS	exon|pELS	5	0.09446511119604106	0.0855032876133918	0.11674594879150388	0.1352040320634842	0.14817684777310838	2	12.191573382140259	3	7.880754175138326	0.6
lncRNA	ENSG00000286275	ENSG00000286275	lncRNA	chr11:1219991:G:T	exon	pELS	exon|pELS	26	0.16648134961724279	0.1569094806909561	0.2403105273842811	0.3318531811237335	-12.182346517056	1	28.172184614685865	25	13.796527762325674	0.9615384615384616
lncRNA	ENSG00000291018	ENSG00000291018	lncRNA	chr17:46267622:C:G	exon	pELS	exon|pELS	6	0.08068364361921941	0.07931371778249735	0.08580943197011945	0.0903534591197967	1.3931647314694118	3	8.982507857437872	3	6.196178394499047	0.5
protein_coding	ENSG00000105550	FGF21	protein_coding	chr19:48758111:T:C	exon	pELS	exon|pELS	41	0.09717851804523929	0.0992652177810669	0.1144367828965187	0.133636936545372	-7.657590414874819	0		41	7.657590414874819	1.0
protein_coding	ENSG00000159110	IFNAR2	protein_coding	chr21:33230489:G:T	exon	pELS	exon|pELS	3	0.08945482224225994	0.0859877318143844	0.09663030207157128	0.099290944635868	8.944467748154835	3	8.944467748154835	0		1.0
protein_coding	ENSG00000182264	IZUMO1	protein_coding	chr19:48745473:G:A	exon	pELS	exon|pELS	2	0.08436790481209755	0.08436790481209755	0.08934285715222359	0.0905865952372551	-8.337308835882748	0		2	8.337308835882748	1.0
protein_coding	ENSG00000182264	IZUMO1	protein_coding	chr19:48746631:G:A	exon	pELS	exon|pELS	14	0.0896169915795326	0.08524073660373685	0.11005821302533146	0.1197320967912674	-8.892068318873422	0		14	8.892068318873422	1.0
lncRNA	ENSG00000214401	KANSL1-AS1	lncRNA	chr17:46193786:G:A	exon	pELS	exon|pELS	7	0.07651062522615701	0.0747503712773323	0.07971458435058588	0.0808290243148803	6.284404224208189	7	6.284404224208189	0		1.0
lncRNA	ENSG00000264589	MAPT-AS1	lncRNA	chr17:45895215:C:T	exon	pELS	exon|pELS	1	0.0750297158956527	0.0750297158956527	0.0750297158956527	0.0750297158956527	8.05019025778995	1	8.05019025778995	0		1.0
protein_coding	ENSG00000185499	MUC1	protein_coding	chr1:155192276:C:T	exon	pELS	exon|pELS	3	0.07468765228986736	0.0749614834785461	0.07615416646003723	0.07645233720541	7.926563682417432	3	7.926563682417432	0		1.0
protein_coding	ENSG00000185361	TNFAIP8L1	protein_coding	chr19:4641403:C:T	exon	pELS	exon|pELS	5	0.07772000133991236	0.0757374241948127	0.08135163038969036	0.0824617221951484	-7.7717453073493505	0		5	7.7717453073493505	1.0
protein_coding	ENSG00000130234	ACE2	protein_coding	chrX:15602217:T:C	intron	PLS	intron|PLS	143	0.19072200712207313	0.1420315355062484	0.3234877228736877	0.8292413949966431	10.266153046501524	43	63.63183113072018	100	12.681088529712495	0.6993006993006993
protein_coding	ENSG00000163823	CCR1	protein_coding	chr3:46208231:A:G	intron	PLS	intron|PLS	75	0.10307067443927127	0.0964711382985115	0.13717364966869353	0.1815822720527649	4.17254180964828	54	10.045107227373727	21	10.928340693074285	0.72
lncRNA	ENSG00000257452	ENSG00000257452	lncRNA	chr12:112938515:C:T	intron	PLS	intron|PLS	42	0.10899520949238818	0.1070318631827831	0.14149325639009466	0.2304233610630035	10.888200597052949	42	10.888200597052949	0		1.0
protein_coding	ENSG00000285602	ENSG00000285602	protein_coding	chrX:15602217:T:C	intron	PLS	intron|PLS	89	0.18773757063605812	0.1332771778106689	0.3396968305110931	0.7499701380729675	15.038744635125655	38	51.1921277986415	51	11.899070271023403	0.5730337078651685
lncRNA	ENSG00000288720	ENSG00000288720	lncRNA	chr3:45796686:C:T	intron	PLS	intron|PLS	12	0.08569646502534543	0.0858223102986812	0.094484657049179	0.1002363339066505	9.332280196461936	12	9.332280196461936	0		1.0
protein_coding	ENSG00000176909	MAMSTR	protein_coding	chr19:48717066:A:G	intron	PLS	intron|PLS	4	0.08022983931004998	0.08058237284421915	0.08250238224864004	0.0827396214008331	8.722976778299309	4	8.722976778299309	0		1.0
protein_coding	ENSG00000065989	PDE4A	protein_coding	chr19:10430708:C:G	intron	PLS	intron|PLS	9	0.10616287257936263	0.110390767455101	0.12388672232627865	0.1257508397102356	-10.61519727079934	0		9	10.61519727079934	1.0
protein_coding	ENSG00000204540	PSORS1C1	protein_coding	chr6:31120455:A:G	intron	PLS	intron|PLS	76	0.13764845521042218	0.11837411671876905	0.23856553435325623	0.3248782455921173	5.036639332852273	48	15.315579819276287	28	12.584401501017465	0.631578947368421
protein_coding	ENSG00000204540	PSORS1C1	protein_coding	chr6:31120464:C:T	intron	PLS	intron|PLS	48	0.13042954991882041	0.12380298227071755	0.17785615921020503	0.2407728433609008	9.975433122550497	38	15.379557204900415	10	10.560238390379205	0.7916666666666666
protein_coding	ENSG00000204540	PSORS1C1	protein_coding	chr6:31120548:A:G	intron	PLS	intron|PLS	16	0.11964524164795873	0.0916381031274795	0.20111018419265744	0.2107386440038681	12.639801623049852	15	14.014787265876587	1	7.984983019351194	0.9375
lncRNA	ENSG00000228649	SNHG26	lncRNA	chr7:22854373:A:C	intron	PLS	intron|PLS	2	0.08162118494510645	0.08162118494510645	0.08354361951351161	0.0840242281556129	8.888275018727626	2	8.888275018727626	0		1.0
protein_coding	ENSG00000173578	XCR1	protein_coding	chr3:46023126:G:C	intron	PLS	intron|PLS	90	0.2070311004916827	0.18832820653915405	0.3607608795166015	0.580851137638092	19.418981695382318	86	20.74098265092131	4	9.004038848705964	0.9555555555555556
protein_coding	ENSG00000175164	ABO	protein_coding	chr9:133245627:G:A	intron	dELS	intron|dELS	12	0.09349073966344194	0.09534806013107294	0.10576672106981272	0.1156266555190086	9.257266364449258	12	9.257266364449258	0		1.0
protein_coding	ENSG00000175164	ABO	protein_coding	chr9:133257791:G:A	intron	dELS	intron|dELS	5	0.09185111075639721	0.0933990329504013	0.09484550356864922	0.0948603004217147	-8.406258926229874	0		5	8.406258926229874	1.0
protein_coding	ENSG00000175164	ABO	protein_coding	chr9:133258141:G:A	intron	dELS	intron|dELS	122	0.0939828346742958	0.0892613716423511	0.12054742351174347	0.1680600494146347	9.352718533803401	122	9.352718533803401	0		1.0
protein_coding	ENSG00000175164	ABO	protein_coding	chr9:133258323:A:G	intron	dELS	intron|dELS	36	0.14217113289568153	0.11276169121265404	0.23460856080055237	0.2724876403808594	15.89226599988853	33	18.014729825267565	3	7.454836079280798	0.9166666666666666
protein_coding	ENSG00000175164	ABO	protein_coding	chr9:133269277:G:T	intron	dELS	intron|dELS	41	0.1057603215662444	0.0960719957947731	0.1466525793075561	0.2788963615894317	1.6552383504072639	22	11.448625209351512	19	9.684472749422918	0.5365853658536586
protein_coding	ENSG00000175164	ABO	protein_coding	chr9:133269706:T:C	intron	dELS	intron|dELS	18	0.11137618621190384	0.08895348757505414	0.16161026954650878	0.2600373327732086	-9.011215131156467	1	7.822553593516665	17	10.001436820843121	0.9444444444444444
protein_coding	ENSG00000175164	ABO	protein_coding	chr9:133271745:T:C	intron	dELS	intron|dELS	53	0.1223146319389343	0.1071001440286636	0.19008495807647702	0.306461751461029	-10.672224662258044	0		53	10.672224662258044	1.0
lncRNA	ENSG00000223552	CCR5AS	lncRNA	chr3:46393801:C:G	intron	dELS	intron|dELS	1	0.0783320441842079	0.0783320441842079	0.0783320441842079	0.0783320441842079	7.833199554134119	1	7.833199554134119	0		1.0
protein_coding	ENSG00000173585	CCR9	protein_coding	chr3:45889513:T:A	intron	dELS	intron|dELS	15	0.15407458345095312	0.1397001594305038	0.2857880830764771	0.3076778054237366	15.390843038206215	12	21.325851080945977	3	8.349189132752825	0.8
protein_coding	ENSG00000157884	CIB4	protein_coding	chr2:26610441:G:T	intron	dELS	intron|dELS	5	0.1363425105810165	0.1299895793199539	0.15207142829895018	0.1535991132259369	13.55433159105441	5	13.55433159105441	0		1.0
protein_coding	ENSG00000135374	ELF5	protein_coding	chr11:34501596:C:T	intron	dELS	intron|dELS	32	0.1373447228688746	0.13553613424301145	0.19029336571693417	0.2023809552192688	15.23028779319462	32	15.23028779319462	0		1.0
protein_coding	ENSG00000135374	ELF5	protein_coding	chr11:34501626:G:A	intron	dELS	intron|dELS	2	0.077593196183443	0.077593196183443	0.07888794913887971	0.0792116373777389	-6.976230776507979	0		2	6.976230776507979	1.0
lncRNA	ENSG00000288703	ENSG00000288703	lncRNA	chr3:46098581:G:T	intron	dELS	intron|dELS	10	0.10938804596662517	0.09851821511983866	0.13209314718842502	0.2006164193153381	-10.938802629067844	0		10	10.938802629067844	1.0
lncRNA	ENSG00000288720	ENSG00000288720	lncRNA	chr3:45818159:G:A	intron	dELS	intron|dELS	26	0.10680031203306635	0.10086218267679209	0.14505758136510843	0.1576134264469146	10.67696848614823	26	10.67696848614823	0		1.0
lncRNA	ENSG00000288724	ENSG00000288724	lncRNA	chr3:46286097:C:T	intron	dELS	intron|dELS	3	0.07753895719846086	0.0755729153752327	0.08164765387773511	0.0831663385033607	8.407747688165474	3	8.407747688165474	0		1.0
lncRNA	ENSG00000288724	ENSG00000288724	lncRNA	chr3:46287136:T:C	intron	dELS	intron|dELS	2	0.07838537171483034	0.07838537171483034	0.07946337237954136	0.0797328725457191	-7.838541399974869	0		2	7.838541399974869	1.0
protein_coding	ENSG00000112787	FBRSL1	protein_coding	chr12:132493308:G:A	intron	dELS	intron|dELS	1	0.0973004475235939	0.0973004475235939	0.0973004475235939	0.0973004475235939	9.728927633304156	1	9.728927633304156	0		1.0
protein_coding	ENSG00000105376	ICAM5	protein_coding	chr19:10293551:C:G	intron	dELS	intron|dELS	4	0.09158032014966007	0.0913452506065368	0.10327157154679298	0.1058049201965332	10.095312089953385	4	10.095312089953385	0		1.0
protein_coding	ENSG00000159110	IFNAR2	protein_coding	chr21:33216965:A:G	intron	dELS	intron|dELS	5	0.09147541821002955	0.0946537479758262	0.10145038962364192	0.1041470915079116	-9.146890928878904	0		5	9.146890928878904	1.0
protein_coding	ENSG00000159110	IFNAR2	protein_coding	chr21:33244244:A:T	intron	dELS	intron|dELS	2	0.07418330386281011	0.07418330386281011	0.07479326501488681	0.074945755302906	-6.905863066030692	0		2	6.905863066030692	1.0
protein_coding	ENSG00000163827	LRRC2	protein_coding	chr3:46545966:A:C	intron	dELS	intron|dELS	7	0.09377078818423404	0.0942930281162262	0.11068163514137265	0.1162551268935203	-7.228250851311166	1	7.500252812255442	6	9.683001461905599	0.8571428571428571
protein_coding	ENSG00000012223	LTF	protein_coding	chr3:46442770:C:G	intron	dELS	intron|dELS	87	0.14213769334828716	0.1271016895771026	0.24401565194129943	0.3462702333927154	-12.22107584607632	7	10.962585321010518	80	14.249646198196416	0.9195402298850575
protein_coding	ENSG00000186868	MAPT	protein_coding	chr17:45903164:A:C	intron	dELS	intron|dELS	4	0.11364217847585675	0.1190190538764	0.13187891840934748	0.1337007731199264	12.874374782218045	4	12.874374782218045	0		1.0
protein_coding	ENSG00000186868	MAPT	protein_coding	chr17:45935980:T:C	intron	dELS	intron|dELS	3	0.08110840618610377	0.0842084363102912	0.08547068983316417	0.0857862532138824	8.82928493338804	3	8.82928493338804	0		1.0
protein_coding	ENSG00000186868	MAPT	protein_coding	chr17:45936117:A:G	intron	dELS	intron|dELS	9	0.24510833703809315	0.2983507215976715	0.41426355242729185	0.4299571216106415	37.00688967208408	9	37.00688967208408	0		1.0
protein_coding	ENSG00000186868	MAPT	protein_coding	chr17:45941033:A:G	intron	dELS	intron|dELS	4	0.09891410358250134	0.09404097497463221	0.11243023723363868	0.1194453537464141	-8.989351731939847	0		4	8.989351731939847	1.0
protein_coding	ENSG00000186868	MAPT	protein_coding	chr17:45949182:T:C	intron	dELS	intron|dELS	1	0.0758227109909057	0.0758227109909057	0.0758227109909057	0.0758227109909057	-7.5775978308896335	0		1	7.5775978308896335	1.0
protein_coding	ENSG00000186868	MAPT	protein_coding	chr17:46005237:A:C	intron	dELS	intron|dELS	2	0.08788929879665369	0.08788929879665369	0.09184984266757962	0.0928399786353111	-8.047615420045343	0		2	8.047615420045343	1.0
protein_coding	ENSG00000089127	OAS1	protein_coding	chr12:112925169:A:G	intron	dELS	intron|dELS	1	0.0814556777477264	0.0814556777477264	0.0814556777477264	0.0814556777477264	8.144668744551524	1	8.144668744551524	0		1.0
protein_coding	ENSG00000105538	RASIP1	protein_coding	chr19:48735769:T:C	intron	dELS	intron|dELS	1	0.0736614242196083	0.0736614242196083	0.0736614242196083	0.0736614242196083	-6.85646255015539	0		1	6.85646255015539	1.0
protein_coding	ENSG00000163817	SLC6A20	protein_coding	chr3:45793584:G:A	intron	dELS	intron|dELS	10	0.08860184773802754	0.08603450655937189	0.09768102914094924	0.1028108075261116	1.0209875877749508	6	8.220537036175289	4	9.778336584825556	0.6
protein_coding	ENSG00000104804	TULP2	protein_coding	chr19:48888513:G:A	intron	dELS	intron|dELS	2	0.08568574488162989	0.08568574488162989	0.09210663139820094	0.0937118530273437	9.313401634387553	2	9.313401634387553	0		1.0
protein_coding	ENSG00000104804	TULP2	protein_coding	chr19:48896419:T:C	intron	dELS	intron|dELS	47	0.11070025553728668	0.0938862413167953	0.17335489988327013	0.2842913866043091	-0.14954400211852198	25	9.587979163067482	22	11.214911235284434	0.5319148936170213
protein_coding	ENSG00000173578	XCR1	protein_coding	chr3:46046453:A:T	intron	dELS	intron|dELS	29	0.11744929567493238	0.0949297323822975	0.19940359592437742	0.2189493626356125	-11.635744621141251	0		29	11.635744621141251	1.0
protein_coding	ENSG00000173578	XCR1	protein_coding	chr3:46046500:G:A	intron	dELS	intron|dELS	9	0.08182372980647615	0.0761561170220375	0.09747301191091536	0.1040207669138908	-8.157816397441813	0		9	8.157816397441813	1.0
protein_coding	ENSG00000173578	XCR1	protein_coding	chr3:46059612:T:A	intron	dELS	intron|dELS	17	0.11970262711538983	0.1138300001621246	0.14886058568954466	0.1763281673192978	-10.637443136961997	0		17	10.637443136961997	1.0
protein_coding	ENSG00000173578	XCR1	protein_coding	chr3:46059711:A:G	intron	dELS	intron|dELS	17	0.10228581463589385	0.1003213748335838	0.12677389383316037	0.1480228006839752	-9.240231039622964	0		17	9.240231039622964	1.0
protein_coding	ENSG00000220201	ZGLP1	protein_coding	chr19:10305768:G:A	intron	dELS	intron|dELS	1	0.102571003139019	0.102571003139019	0.102571003139019	0.102571003139019	10.25438649369248	1	10.25438649369248	0		1.0
protein_coding	ENSG00000159314	ARHGAP27	protein_coding	chr17:45425928:A:C	intron	none	intron|none	1	0.0734085366129875	0.0734085366129875	0.0734085366129875	0.0734085366129875	-6.822848993515149	0		1	6.822848993515149	1.0
protein_coding	ENSG00000183625	CCR3	protein_coding	chr3:46223821:C:G	intron	none	intron|none	1	0.0743112862110138	0.0743112862110138	0.0743112862110138	0.0743112862110138	7.241642642971195	1	7.241642642971195	0		1.0
protein_coding	ENSG00000183625	CCR3	protein_coding	chr3:46262206:C:G	intron	none	intron|none	15	0.1233920410275459	0.1255770027637481	0.1607369065284728	0.1643403321504593	-12.308574159382163	0		15	12.308574159382163	1.0
protein_coding	ENSG00000173585	CCR9	protein_coding	chr3:45888730:A:G	intron	none	intron|none	10	0.11027735471725461	0.11147280037403105	0.1429944574832916	0.1511760801076889	11.016398658999512	10	11.016398658999512	0		1.0
protein_coding	ENSG00000172215	CXCR6	protein_coding	chr3:45943855:C:G	intron	none	intron|none	1	0.0767798721790313	0.0767798721790313	0.0767798721790313	0.0767798721790313	-7.671488456961837	0		1	7.671488456961837	1.0
protein_coding	ENSG00000135374	ELF5	protein_coding	chr11:34495948:T:A	intron	none	intron|none	22	0.08809500831094653	0.0860786288976669	0.09737685546278954	0.1320612281560897	6.839140111210165	19	9.382508611249833	3	9.268860389041059	0.8636363636363636
lncRNA	ENSG00000255321	ENSG00000255321	lncRNA	chr8:60552280:T:C	intron	none	intron|none	1	0.0806674659252166	0.0806674659252166	0.0806674659252166	0.0806674659252166	8.06674568008269	1	8.06674568008269	0		1.0
lncRNA	ENSG00000257452	ENSG00000257452	lncRNA	chr12:112919388:G:A	intron	none	intron|none	2	0.1068534217774868	0.1068534217774868	0.11324388906359673	0.1148415058851242	0.04028479964023557	1	0.5563142664960335	1	0.4757446672155624	0.5
lncRNA	ENSG00000285788	ENSG00000285788	lncRNA	chr3:45858159:A:G	intron	none	intron|none	1	0.0762075707316398	0.0762075707316398	0.0762075707316398	0.0762075707316398	7.620754399049763	1	7.620754399049763	0		1.0
lncRNA	ENSG00000285788	ENSG00000285788	lncRNA	chr3:45861003:T:C	intron	none	intron|none	12	0.11561964948972063	0.12500668317079539	0.1279556572437286	0.1378099769353866	11.561965601378974	12	11.561965601378974	0		1.0
lncRNA	ENSG00000288720	ENSG00000288720	lncRNA	chr3:45796808:G:A	intron	none	intron|none	16	0.08556437771767374	0.0853471904993057	0.09302667155861849	0.0939040929079055	-8.554730579826483	0		16	8.554730579826483	1.0
lncRNA	ENSG00000288720	ENSG00000288720	lncRNA	chr3:45797684:A:T	intron	none	intron|none	11	0.07935879108580672	0.0800734683871269	0.0815567374229431	0.0817247256636619	7.716091357660531	11	7.716091357660531	0		1.0
lncRNA	ENSG00000288720	ENSG00000288720	lncRNA	chr3:45807778:T:G	intron	none	intron|none	10	0.10773635134100909	0.09976369515061376	0.132429777085781	0.1661746352910995	12.17241044801179	10	12.17241044801179	0		1.0
protein_coding	ENSG00000293268	ENSG00000293268	protein_coding	chr3:101700939:G:A	intron	none	intron|none	48	0.08275464441006378	0.0793719068169593	0.09216745272278783	0.0992743670940399	6.366924734783872	48	6.366924734783872	0		1.0
protein_coding	ENSG00000076662	ICAM3	protein_coding	chr19:10338200:T:A	intron	none	intron|none	3	0.08285039663314812	0.0818410143256187	0.0870307251811027	0.0883281528949737	-7.649184524300292	0		3	7.649184524300292	1.0
protein_coding	ENSG00000249624	IFNAR2-IL10RB	protein_coding	chr21:33245424:A:G	intron	none	intron|none	4	0.08417095988988872	0.07982471212744705	0.09235185682773588	0.0976858139038086	9.198547537842732	4	9.198547537842732	0		1.0
protein_coding	ENSG00000012223	LTF	protein_coding	chr3:46462416:T:G	intron	none	intron|none	3	0.10770383477210994	0.1080933958292007	0.12715294659137724	0.1319178342819214	10.769620980012236	3	10.769620980012236	0		1.0
protein_coding	ENSG00000176909	MAMSTR	protein_coding	chr19:48714048:A:G	intron	none	intron|none	15	0.08061754653851187	0.0784350782632827	0.08938970416784284	0.0979637876152992	-8.039184882115485	0		15	8.039184882115485	1.0
protein_coding	ENSG00000186868	MAPT	protein_coding	chr17:45908296:T:C	intron	none	intron|none	1	0.0792717263102531	0.0792717263102531	0.0792717263102531	0.0792717263102531	-7.328113822331134	0		1	7.328113822331134	1.0
protein_coding	ENSG00000186868	MAPT	protein_coding	chr17:45935823:C:T	intron	none	intron|none	3	0.09660768757263816	0.0996095836162567	0.10484678149223327	0.1061560809612274	-8.802076000798603	0		3	8.802076000798603	1.0
lncRNA	ENSG00000264589	MAPT-AS1	lncRNA	chr17:45835216:C:T	intron	none	intron|none	1	0.0800417363643646	0.0800417363643646	0.0800417363643646	0.0800417363643646	8.700586749345552	1	8.700586749345552	0		1.0
lncRNA	ENSG00000264589	MAPT-AS1	lncRNA	chr17:45894571:C:A	intron	none	intron|none	65	0.09238081906850519	0.0911065861582756	0.1119725316762924	0.1228525042533874	10.128737514547304	65	10.128737514547304	0		1.0
protein_coding	ENSG00000204531	POU5F1	protein_coding	chr6:31173894:C:T	intron	none	intron|none	15	0.08031040082375206	0.0786777958273887	0.08926276415586469	0.0924254953861236	7.399148008557888	15	7.399148008557888	0		1.0
protein_coding	ENSG00000133661	SFTPD	protein_coding	chr10:79982402:T:G	intron	none	intron|none	6	0.08608844255407648	0.08450888097286219	0.09686065837740895	0.1037598401308059	8.598911663275533	6	8.598911663275533	0		1.0
protein_coding	ENSG00000163817	SLC6A20	protein_coding	chr3:45793496:A:T	intron	none	intron|none	53	0.13968714776466473	0.1351681500673294	0.20213962793350218	0.2183799594640731	-10.894678782932365	4	8.556274789546363	49	12.482511727624507	0.9245283018867925
protein_coding	ENSG00000104804	TULP2	protein_coding	chr19:48895590:A:G	intron	none	intron|none	6	0.07532328118880585	0.07549768686294556	0.0767343454062938	0.0771252736449241	8.107609465807583	6	8.107609465807583	0		1.0
protein_coding	ENSG00000104804	TULP2	protein_coding	chr19:48895683:C:G	intron	none	intron|none	73	0.09398200811996849	0.0845218822360038	0.11919888108968732	0.1690990030765533	-8.509475271788045	0		73	8.509475271788045	1.0
protein_coding	ENSG00000173578	XCR1	protein_coding	chr3:46027718:G:A	intron	none	intron|none	130	0.12617022183078982	0.11389381438493726	0.18885716199874877	0.2458415329456329	-11.911462620109322	4	8.311766096239163	126	12.553469880945782	0.9692307692307692
protein_coding	ENSG00000173578	XCR1	protein_coding	chr3:46027727:A:G	intron	none	intron|none	120	0.13340022787451744	0.12062763795256615	0.19388262927532193	0.316487967967987	13.19075797232443	120	13.19075797232443	0		1.0
protein_coding	ENSG00000173578	XCR1	protein_coding	chr3:46030058:G:T	intron	none	intron|none	32	0.1476226903032511	0.11978108808398244	0.25636695921421054	0.2700099050998688	14.72515583753369	32	14.72515583753369	0		1.0
protein_coding	ENSG00000175164	ABO	protein_coding	chr9:133273232:C:T	intron	pELS	intron|pELS	25	0.1123507663607597	0.1132274568080902	0.1497205764055252	0.170373797416687	-9.97490664088339	0		25	9.97490664088339	1.0
protein_coding	ENSG00000175164	ABO	protein_coding	chr9:133273233:C:G	intron	pELS	intron|pELS	26	0.14445401069063402	0.15072685480117795	0.2143005803227424	0.2235380411148071	17.24143705091345	26	17.24143705091345	0		1.0
protein_coding	ENSG00000175164	ABO	protein_coding	chr9:133274084:C:T	intron	pELS	intron|pELS	1	0.0736958906054496	0.0736958906054496	0.0736958906054496	0.0736958906054496	7.949654702168013	1	7.949654702168013	0		1.0
protein_coding	ENSG00000160323	ADAMTS13	protein_coding	chr9:133418770:C:T	intron	pELS	intron|pELS	25	0.11640936166048046	0.0974459275603294	0.17095471024513245	0.2153518497943878	-10.367079688161029	2	7.8934900971565245	23	11.954955321666906	0.92
protein_coding	ENSG00000121691	CAT	protein_coding	chr11:34439164:G:A	intron	pELS	intron|pELS	10	0.10355386137962337	0.10996883362531659	0.11862887144088737	0.1267659962177276	11.595101965562517	10	11.595101965562517	0		1.0
protein_coding	ENSG00000183625	CCR3	protein_coding	chr3:46208438:A:T	intron	pELS	intron|pELS	1	0.0729580000042915	0.0729580000042915	0.0729580000042915	0.0729580000042915	7.2901612792283	1	7.2901612792283	0		1.0
protein_coding	ENSG00000173585	CCR9	protein_coding	chr3:45886267:T:C	intron	pELS	intron|pELS	24	0.08375226520001884	0.0807068310678005	0.09363169744610778	0.1075499206781387	-7.9635899367455165	0		24	7.9635899367455165	1.0
protein_coding	ENSG00000172215	CXCR6	protein_coding	chr3:45942808:C:G	intron	pELS	intron|pELS	7	0.10539456989083969	0.1039544194936752	0.12106963247060772	0.1351033747196197	-10.535297157283932	0		7	10.535297157283932	1.0
lncRNA	ENSG00000269392	ENSG00000269392	lncRNA	chr19:50368861:A:G	intron	pELS	intron|pELS	63	0.08860453738579671	0.0886605530977249	0.09987464100122449	0.120636261999607	-8.844069321657921	0		63	8.844069321657921	1.0
protein_coding	ENSG00000174951	FUT1	protein_coding	chr19:48753131:T:C	intron	pELS	intron|pELS	78	0.13336969081025854	0.1107065752148628	0.22781470268964765	0.3781578838825226	5.669891471149578	50	14.822375571255048	28	10.673830136181623	0.6410256410256411
lncRNA	ENSG00000214401	KANSL1-AS1	lncRNA	chr17:46194064:A:G	intron	pELS	intron|pELS	2	0.09025478735566135	0.09025478735566135	0.10243606641888611	0.1054813861846923	6.700889868849935	2	6.700889868849935	0		1.0
protein_coding	ENSG00000263715	LINC02210-CRHR1	protein_coding	chr17:45733507:A:T	intron	pELS	intron|pELS	1	0.0727517083287239	0.0727517083287239	0.0727517083287239	0.0727517083287239	-6.781054546552939	0		1	6.781054546552939	1.0
protein_coding	ENSG00000186868	MAPT	protein_coding	chr17:45895215:C:T	intron	pELS	intron|pELS	2	0.07384913414716715	0.07384913414716715	0.07401988953351966	0.0740625783801078	7.953115065646738	2	7.953115065646738	0		1.0
lncRNA	ENSG00000264589	MAPT-AS1	lncRNA	chr17:45894419:A:G	intron	pELS	intron|pELS	1	0.0812950879335403	0.0812950879335403	0.0812950879335403	0.0812950879335403	8.848880982519859	1	8.848880982519859	0		1.0
protein_coding	ENSG00000204516	MICB	protein_coding	chr6:31495844:A:G	intron	pELS	intron|pELS	17	0.09072508925900735	0.0887545719742775	0.10337441712617869	0.1093030795454979	-8.31098825886154	0		17	8.31098825886154	1.0
protein_coding	ENSG00000087842	PIR	protein_coding	chrX:15493034:C:T	intron	pELS	intron|pELS	10	0.09397310912609096	0.0907995589077472	0.10360842272639269	0.1516376733779907	-9.396904935880585	0		10	9.396904935880585	1.0
protein_coding	ENSG00000105559	PLEKHA4	protein_coding	chr19:48867352:G:T	intron	pELS	intron|pELS	3	0.0824603264530499	0.0821637660264968	0.08600144088268272	0.0869608595967292	-7.616116888766046	0		3	7.616116888766046	1.0
protein_coding	ENSG00000105559	PLEKHA4	protein_coding	chr19:48867984:T:C	intron	pELS	intron|pELS	9	0.10829674369759025	0.1049745008349418	0.14152369499206535	0.1427843570709228	-9.733532707360146	0		9	9.733532707360146	1.0
protein_coding	ENSG00000204540	PSORS1C1	protein_coding	chr6:31115133:C:G	intron	pELS	intron|pELS	166	0.2166407481733575	0.14487934112548825	0.45530775189399714	1.0198091268539429	-11.058404030879695	43	7.46228935679681	123	17.533117979417018	0.7409638554216867
protein_coding	ENSG00000163817	SLC6A20	protein_coding	chr3:45793925:G:A	intron	pELS	intron|pELS	14	0.08480745926499363	0.0845906361937522	0.09294603466987608	0.0972578525543212	-5.075853820111279	3	7.862571897781481	11	8.604515379536577	0.7857142857142857
protein_coding	ENSG00000173578	XCR1	protein_coding	chr3:46024271:G:A	intron	pELS	intron|pELS	43	0.11099859777578083	0.1042767390608787	0.146588858962059	0.1861200630664825	-10.848053114975492	0		43	10.848053114975492	1.0
protein_coding	ENSG00000173578	XCR1	protein_coding	chr3:46027272:A:C	intron	pELS	intron|pELS	9	0.09341978778441744	0.0914773941040039	0.1046400099992752	0.1073995381593704	7.297554531105098	8	9.349531030491669	1	9.118257463987456	0.8888888888888888
protein_coding	ENSG00000173578	XCR1	protein_coding	chr3:46027343:G:T	intron	pELS	intron|pELS	8	0.11268580239266152	0.12860388308763498	0.13977630734443658	0.1412143409252166	-11.21837617831801	0		8	11.21837617831801	1.0
protein_coding	ENSG00000173578	XCR1	protein_coding	chr3:46028081:A:C	intron	pELS	intron|pELS	1	0.0782700926065445	0.0782700926065445	0.0782700926065445	0.0782700926065445	7.470209734749053	1	7.470209734749053	0		1.0
lncRNA	ENSG00000225833	ACE2-DT	lncRNA	chrX:15602217:T:C	upstream	PLS	upstream|PLS	46	0.140632358096216	0.1116253621876239	0.28232720494270325	0.390267014503479	17.6408789107712	46	17.6408789107712	0		1.0
protein_coding	ENSG00000204542	C6orf15	protein_coding	chr6:31120455:A:G	upstream	PLS	upstream|PLS	103	0.1546473015569946	0.128065213561058	0.2649624645709991	0.3652666211128235	9.860341145756918	72	19.435553631059772	31	12.37886204591423	0.6990291262135923
protein_coding	ENSG00000204542	C6orf15	protein_coding	chr6:31120464:C:T	upstream	PLS	upstream|PLS	113	0.15804148696165168	0.1449084430932998	0.24271971583366392	0.3093776404857635	17.955536463399508	107	19.542534158108296	6	10.345922425573931	0.9469026548672567
protein_coding	ENSG00000204542	C6orf15	protein_coding	chr6:31120548:A:G	upstream	PLS	upstream|PLS	23	0.11738171914349428	0.0954934880137443	0.168336346745491	0.2188135683536529	13.189225723242517	23	13.189225723242517	0		1.0
protein_coding	ENSG00000204536	CCHCR1	protein_coding	chr6:31158455:C:T	upstream	PLS	upstream|PLS	26	0.07928819495898023	0.0789869353175163	0.0850354358553886	0.0912877917289733	7.928323724013112	26	7.928323724013112	0		1.0
protein_coding	ENSG00000204539	CDSN	protein_coding	chr6:31120455:A:G	upstream	PLS	upstream|PLS	151	0.20444976306514231	0.1685457080602646	0.4033420383930206	0.5498587489128113	6.408932594964006	70	31.39066555367486	81	15.18021934466266	0.5364238410596026
protein_coding	ENSG00000204539	CDSN	protein_coding	chr6:31120464:C:T	upstream	PLS	upstream|PLS	125	0.20796943521499633	0.2038122117519378	0.3513699471950531	0.4463821947574615	21.445704403241244	94	32.36665477473536	31	11.6694354329022	0.752
protein_coding	ENSG00000204539	CDSN	protein_coding	chr6:31120548:A:G	upstream	PLS	upstream|PLS	37	0.1502576182420189	0.1296646744012832	0.25345202684402457	0.3038219511508941	17.19476746454889	35	18.695657398515188	2	9.070806379861363	0.9459459459459459
protein_coding	ENSG00000172215	CXCR6	protein_coding	chr3:45940922:C:T	upstream	PLS	upstream|PLS	41	0.15120533544842785	0.1421994715929031	0.2295789569616317	0.268321692943573	18.33854701376181	41	18.33854701376181	0		1.0
lncRNA	ENSG00000262881	ENSG00000262881	lncRNA	chr17:45910839:A:G	upstream	PLS	upstream|PLS	51	0.09152685032755717	0.0852716565132141	0.1064569056034088	0.1618630737066269	-8.35879623892441	0		51	8.35879623892441	1.0
lncRNA	ENSG00000285668	ENSG00000285668	lncRNA	chr17:45588443:C:T	upstream	PLS	upstream|PLS	1	0.0746387690305709	0.0746387690305709	0.0746387690305709	0.0746387690305709	8.065905782887816	1	8.065905782887816	0		1.0
lncRNA	ENSG00000285668	ENSG00000285668	lncRNA	chr17:45588472:A:G	upstream	PLS	upstream|PLS	2	0.08810105919837945	0.08810105919837945	0.09089911580085748	0.091598629951477	-8.09582202663935	0		2	8.09582202663935	1.0
protein_coding	ENSG00000182264	IZUMO1	protein_coding	chr19:48746982:C:T	upstream	PLS	upstream|PLS	52	0.09049094038513987	0.0847738198935985	0.11080067232251162	0.2022367417812347	7.613829511396803	50	8.64101743757801	2	18.06586864313339	0.9615384615384616
protein_coding	ENSG00000131398	KCNC3	protein_coding	chr19:50344768:G:A	upstream	PLS	upstream|PLS	4	0.12303032167255874	0.11615941673517224	0.17694633007049554	0.1867189407348632	-12.144246596881636	0		4	12.144246596881636	1.0
lncRNA	ENSG00000264589	MAPT-AS1	lncRNA	chr17:45895755:G:C	upstream	PLS	upstream|PLS	12	0.07811558929582431	0.0775197185575962	0.08243521377444264	0.0825722068548202	-7.2224523922740005	0		12	7.2224523922740005	1.0
lncRNA	ENSG00000279685	MAPT-IT1	lncRNA	chr17:45895755:G:C	upstream	PLS	upstream|PLS	14	0.08145815346922188	0.0806534960865974	0.0893567986786365	0.0923349633812904	-7.362926536023897	0		14	7.362926536023897	1.0
protein_coding	ENSG00000111335	OAS2	protein_coding	chr12:112938515:C:T	upstream	PLS	upstream|PLS	17	0.10181244944824887	0.1056358590722084	0.1142652794718742	0.1148832961916923	10.178332616365369	17	10.178332616365369	0		1.0
protein_coding	ENSG00000204538	PSORS1C2	protein_coding	chr6:31158455:C:T	upstream	PLS	upstream|PLS	3	0.07734839369853333	0.0788527354598045	0.0794243738055229	0.0795672833919525	7.646739662017431	3	7.646739662017431	0		1.0
protein_coding	ENSG00000163817	SLC6A20	protein_coding	chr3:45796686:C:T	upstream	PLS	upstream|PLS	129	0.11938453875770862	0.1121221482753753	0.16562656760215758	0.2138131409883499	13.673347310307154	129	13.673347310307154	0		1.0
protein_coding	ENSG00000256762	STH	protein_coding	chr17:45895755:G:C	upstream	PLS	upstream|PLS	1	0.0793241187930107	0.0793241187930107	0.0793241187930107	0.0793241187930107	-7.159940890445979	0		1	7.159940890445979	1.0
lncRNA	ENSG00000231064	THBS3-AS1	lncRNA	chr1:155194689:A:C	upstream	PLS	upstream|PLS	10	0.10405424833297724	0.10462645068764684	0.12060539573431009	0.1276098638772964	11.6501033668028	10	11.6501033668028	0		1.0
protein_coding	ENSG00000121807	CCR2	protein_coding	chr3:46349899:A:G	upstream	dELS	upstream|dELS	27	0.18658792420669834	0.1419010609388351	0.3579426884651184	0.3851900398731231	24.321509385034798	26	25.521653462780613	1	6.882236636356461	0.9629629629629629
protein_coding	ENSG00000183625	CCR3	protein_coding	chr3:46098581:G:T	upstream	dELS	upstream|dELS	5	0.08508547246456141	0.0799714401364326	0.09683268219232556	0.09697275608778	-8.494718909232752	0		5	8.494718909232752	1.0
protein_coding	ENSG00000183625	CCR3	protein_coding	chr3:46127668:G:C	upstream	dELS	upstream|dELS	18	0.08973556591404806	0.0878096781671047	0.10742196291685105	0.1346865892410278	-7.907894199277554	1	7.264973122476194	17	8.80041580643954	0.9444444444444444
protein_coding	ENSG00000160791	CCR5	protein_coding	chr3:46349899:A:G	upstream	dELS	upstream|dELS	15	0.14300673007965087	0.1352526396512985	0.20940099656581876	0.2230962663888931	17.114230276296862	15	17.114230276296862	0		1.0
protein_coding	ENSG00000173585	CCR9	protein_coding	chr3:45864864:G:A	upstream	dELS	upstream|dELS	5	0.09132191091775888	0.0867502018809318	0.10150512307882302	0.1059590205550193	-9.129703676700478	0		5	9.129703676700478	1.0
protein_coding	ENSG00000120088	CRHR1	protein_coding	chr17:45646564:A:G	upstream	dELS	upstream|dELS	10	0.08127664029598233	0.07866284623742101	0.08922569975256914	0.0948888286948204	-7.084195792780328	0		10	7.084195792780328	1.0
protein_coding	ENSG00000120088	CRHR1	protein_coding	chr17:45719880:C:T	upstream	dELS	upstream|dELS	5	0.07504347711801523	0.0744692310690879	0.07734057307243343	0.0791111588478088	-6.60905476351482	0		5	6.60905476351482	1.0
protein_coding	ENSG00000120088	CRHR1	protein_coding	chr17:45771095:G:A	upstream	dELS	upstream|dELS	56	0.1131162419915199	0.1075103357434272	0.15394981950521464	0.1750368028879165	-9.992828366693923	0		56	9.992828366693923	1.0
protein_coding	ENSG00000120088	CRHR1	protein_coding	chr17:45781699:T:C	upstream	dELS	upstream|dELS	12	0.10352380511661369	0.10249668359756464	0.1331881269812584	0.1417938470840454	-9.291686197427145	0		12	9.291686197427145	1.0
protein_coding	ENSG00000241186	CRIPTO	protein_coding	chr3:46545966:A:C	upstream	dELS	upstream|dELS	3	0.0801793684562047	0.0778838768601417	0.0841083243489265	0.0856644362211227	-7.81744464353578	0		3	7.81744464353578	1.0
lncRNA	ENSG00000214955	ENSG00000214955	lncRNA	chr21:34023138:G:C	upstream	dELS	upstream|dELS	1	0.0746526569128036	0.0746526569128036	0.0746526569128036	0.0746526569128036	7.465259173717382	1	7.465259173717382	0		1.0
lncRNA	ENSG00000262372	ENSG00000262372	lncRNA	chr17:46024197:T:C	upstream	dELS	upstream|dELS	97	0.09761227698055736	0.094557024538517	0.11890854388475414	0.1352976411581039	10.847905178871786	97	10.847905178871786	0		1.0
lncRNA	ENSG00000262372	ENSG00000262372	lncRNA	chr17:46024505:A:G	upstream	dELS	upstream|dELS	15	0.07849258631467818	0.0779497772455215	0.08051411211490626	0.085440881550312	8.518481699273257	15	8.518481699273257	0		1.0
lncRNA	ENSG00000262881	ENSG00000262881	lncRNA	chr17:45924013:C:T	upstream	dELS	upstream|dELS	1	0.0741468891501426	0.0741468891501426	0.0741468891501426	0.0741468891501426	-6.90286565651833	0		1	6.90286565651833	1.0
lncRNA	ENSG00000262881	ENSG00000262881	lncRNA	chr17:45929530:T:C	upstream	dELS	upstream|dELS	38	0.08840579559144217	0.0831279046833515	0.11023890152573589	0.1408486515283584	-8.103913131886786	0		38	8.103913131886786	1.0
lncRNA	ENSG00000262881	ENSG00000262881	lncRNA	chr17:45929588:T:C	upstream	dELS	upstream|dELS	4	0.08351390063762663	0.08369062840938565	0.09001030102372166	0.0923454388976097	-7.70446743343724	0		4	7.70446743343724	1.0
lncRNA	ENSG00000262881	ENSG00000262881	lncRNA	chr17:45929590:A:G	upstream	dELS	upstream|dELS	74	0.09917380409063517	0.09423507377505295	0.11676016896963112	0.1730341464281082	11.05941525652655	74	11.05941525652655	0		1.0
lncRNA	ENSG00000262881	ENSG00000262881	lncRNA	chr17:45935549:T:C	upstream	dELS	upstream|dELS	89	0.12043855004431153	0.1170249879360199	0.1582539588212967	0.2460929155349731	-10.670563441680462	0		89	10.670563441680462	1.0
lncRNA	ENSG00000262881	ENSG00000262881	lncRNA	chr17:45935623:C:T	upstream	dELS	upstream|dELS	95	0.12471194494711721	0.1181924790143966	0.16132324635982523	0.2623679935932159	14.448222446513228	95	14.448222446513228	0		1.0
lncRNA	ENSG00000262881	ENSG00000262881	lncRNA	chr17:45935980:T:C	upstream	dELS	upstream|dELS	122	0.18238806834474938	0.17882818728685373	0.26960617303848267	0.4115848541259765	23.333127616128905	122	23.333127616128905	0		1.0
lncRNA	ENSG00000262881	ENSG00000262881	lncRNA	chr17:45936117:A:G	upstream	dELS	upstream|dELS	169	0.3008958759039817	0.2740848362445831	0.5056470513343811	0.8722692728042603	59.36198367336084	168	59.755747667104664	1	6.790367275601407	0.9940828402366864
lncRNA	ENSG00000262881	ENSG00000262881	lncRNA	chr17:45941033:A:G	upstream	dELS	upstream|dELS	23	0.09880661737659699	0.09083953499794	0.13167008459568022	0.1675700396299362	-8.946736094735666	0		23	8.946736094735666	1.0
lncRNA	ENSG00000262881	ENSG00000262881	lncRNA	chr17:45977230:T:G	upstream	dELS	upstream|dELS	1	0.0758681744337081	0.0758681744337081	0.0758681744337081	0.0758681744337081	8.20966702722528	1	8.20966702722528	0		1.0
lncRNA	ENSG00000265547	ENSG00000265547	lncRNA	chr17:45771095:G:A	upstream	dELS	upstream|dELS	1	0.0757374167442321	0.0757374167442321	0.0757374167442321	0.0757374167442321	-7.040508607489084	0		1	7.040508607489084	1.0
lncRNA	ENSG00000272657	ENSG00000272657	lncRNA	chr21:34023138:G:C	upstream	dELS	upstream|dELS	3	0.0778635516762733	0.0782793909311294	0.07831888496875757	0.0783287584781646	7.78636068427646	3	7.78636068427646	0		1.0
protein_coding	ENSG00000283877	ENSG00000283877	protein_coding	chr3:46545966:A:C	upstream	dELS	upstream|dELS	3	0.08455765744050336	0.0779962018132209	0.09715258032083507	0.1019416749477386	-8.03180535153099	0		3	8.03180535153099	1.0
lncRNA	ENSG00000288703	ENSG00000288703	lncRNA	chr3:46050242:C:G	upstream	dELS	upstream|dELS	1	0.0811948254704475	0.0811948254704475	0.0811948254704475	0.0811948254704475	8.119483678516323	1	8.119483678516323	0		1.0
lncRNA	ENSG00000288703	ENSG00000288703	lncRNA	chr3:46059612:T:A	upstream	dELS	upstream|dELS	1	0.0765153244137764	0.0765153244137764	0.0765153244137764	0.0765153244137764	-7.107686092485227	0		1	7.107686092485227	1.0
lncRNA	ENSG00000288718	ENSG00000288718	lncRNA	chr3:46545966:A:C	upstream	dELS	upstream|dELS	5	0.1391854047775268	0.113890029489994	0.22043498456478114	0.2410793155431747	-13.91854067636794	0		5	13.91854067636794	1.0
lncRNA	ENSG00000288724	ENSG00000288724	lncRNA	chr3:46349899:A:G	upstream	dELS	upstream|dELS	10	0.12146004140377042	0.1250798180699348	0.13754116743803024	0.1423663944005966	13.857436056683927	10	13.857436056683927	0		1.0
protein_coding	ENSG00000249624	IFNAR2-IL10RB	protein_coding	chr21:33216965:A:G	upstream	dELS	upstream|dELS	2	0.0748198665678501	0.0748198665678501	0.07648604586720466	0.0769025906920433	-7.481753822517575	0		2	7.481753822517575	1.0
lncRNA	ENSG00000227456	LINC00310	lncRNA	chr21:34023138:G:C	upstream	dELS	upstream|dELS	9	0.08418827421135366	0.0817392170429229	0.09354968070983885	0.0938101708889007	8.418828500907338	9	8.418828500907338	0		1.0
lncRNA	ENSG00000283646	LINC02009	lncRNA	chr3:46442770:C:G	upstream	dELS	upstream|dELS	52	0.09598626225040506	0.09362894296646115	0.11860730648040764	0.1333992928266525	1.0491524551360476	27	10.25341678170088	25	8.891453017553973	0.5192307692307693
lncRNA	ENSG00000268324	LRRC2-AS1	lncRNA	chr3:46545966:A:C	upstream	dELS	upstream|dELS	9	0.11742908424801295	0.0819518715143203	0.21066309809684755	0.2562089264392853	-11.742908212085833	0		9	11.742908212085833	1.0
lncRNA	ENSG00000264589	MAPT-AS1	lncRNA	chr17:45903164:A:C	upstream	dELS	upstream|dELS	2	0.0771470814943313	0.0771470814943313	0.07957533895969386	0.0801824033260345	8.360799629244408	2	8.360799629244408	0		1.0
lncRNA	ENSG00000264589	MAPT-AS1	lncRNA	chr17:45935623:C:T	upstream	dELS	upstream|dELS	1	0.0833278968930244	0.0833278968930244	0.0833278968930244	0.0833278968930244	9.08892557785653	1	9.08892557785653	0		1.0
lncRNA	ENSG00000264589	MAPT-AS1	lncRNA	chr17:45935980:T:C	upstream	dELS	upstream|dELS	4	0.11759333126246926	0.12057438120245931	0.13666039109230038	0.1408859342336654	13.380350377168938	4	13.380350377168938	0		1.0
lncRNA	ENSG00000264589	MAPT-AS1	lncRNA	chr17:45936117:A:G	upstream	dELS	upstream|dELS	14	0.16766370886138507	0.1058038845658302	0.35609333813190464	0.4190227687358856	23.121883596183267	14	23.121883596183267	0		1.0
lncRNA	ENSG00000279685	MAPT-IT1	lncRNA	chr17:45864344:C:T	upstream	dELS	upstream|dELS	2	0.0747331604361534	0.0747331604361534	0.07485464066267013	0.0748850107192993	8.07693013969071	2	8.07693013969071	0		1.0
lncRNA	ENSG00000279685	MAPT-IT1	lncRNA	chr17:45864492:T:G	upstream	dELS	upstream|dELS	10	0.09920975640416144	0.1017929650843143	0.10955120548605912	0.1102928295731544	-9.016634062202629	0		10	9.016634062202629	1.0
protein_coding	ENSG00000171102	OBP2B	protein_coding	chr9:133245627:G:A	upstream	dELS	upstream|dELS	3	0.07725387811660762	0.0745798498392105	0.08187453448772426	0.0836982056498527	7.582982307904962	3	7.582982307904962	0		1.0
protein_coding	ENSG00000171102	OBP2B	protein_coding	chr9:133251108:C:T	upstream	dELS	upstream|dELS	125	0.09876876211166379	0.0934259518980979	0.12351366877555847	0.1597031503915786	9.460625613949631	125	9.460625613949631	0		1.0
protein_coding	ENSG00000171102	OBP2B	protein_coding	chr9:133252569:A:C	upstream	dELS	upstream|dELS	2	0.0816169492900371	0.0816169492900371	0.08423016890883438	0.0848834738135337	-7.322842696774752	0		2	7.322842696774752	1.0
protein_coding	ENSG00000171102	OBP2B	protein_coding	chr9:133258323:A:G	upstream	dELS	upstream|dELS	14	0.10509242489933966	0.10154749080538744	0.12701547071337696	0.1382836997509002	11.643468437883428	14	11.643468437883428	0		1.0
protein_coding	ENSG00000171102	OBP2B	protein_coding	chr9:133269277:G:T	upstream	dELS	upstream|dELS	5	0.09666308611631386	0.0870771035552024	0.11978954225778572	0.1241685673594474	1.2238801838236513	3	8.895694916539668	2	10.283841915250374	0.6
protein_coding	ENSG00000171102	OBP2B	protein_coding	chr9:133269706:T:C	upstream	dELS	upstream|dELS	1	0.0810333043336868	0.0810333043336868	0.0810333043336868	0.0810333043336868	-7.137113907859255	0		1	7.137113907859255	1.0
protein_coding	ENSG00000204538	PSORS1C2	protein_coding	chr6:31144825:G:C	upstream	dELS	upstream|dELS	14	0.19889560927237784	0.1446991115808487	0.3376840829849243	0.4222920536994934	17.700694250469848	12	21.91666219289434	2	7.595113404077113	0.8571428571428571
protein_coding	ENSG00000163825	RTP3	protein_coding	chr3:46442770:C:G	upstream	dELS	upstream|dELS	1	0.0747274309396743	0.0747274309396743	0.0747274309396743	0.0747274309396743	7.47196246430561	1	7.47196246430561	0		1.0
protein_coding	ENSG00000133661	SFTPD	protein_coding	chr10:79986521:G:T	upstream	dELS	upstream|dELS	2	0.08062123879790305	0.08062123879790305	0.08219388052821157	0.0825870409607887	8.05886990286675	2	8.05886990286675	0		1.0
protein_coding	ENSG00000198743	SLC5A3	protein_coding	chr21:34023138:G:C	upstream	dELS	upstream|dELS	5	0.08498521298170084	0.0843073725700378	0.08741516172885891	0.0889346152544021	8.498226803510786	5	8.498226803510786	0		1.0
protein_coding	ENSG00000163817	SLC6A20	protein_coding	chr3:45818159:G:A	upstream	dELS	upstream|dELS	58	0.14164195004208333	0.12557565420866004	0.22547235041856764	0.4206804931163788	12.994022380887802	55	14.274088765320101	3	10.473861333704427	0.9482758620689655
protein_coding	ENSG00000163817	SLC6A20	protein_coding	chr3:45889513:T:A	upstream	dELS	upstream|dELS	3	0.11274220297733938	0.1138097718358039	0.11437671929597847	0.1145184561610221	12.60877407624834	3	12.60877407624834	0		1.0
protein_coding	ENSG00000185294	SPPL2C	protein_coding	chr17:45771095:G:A	upstream	dELS	upstream|dELS	10	0.09171336069703098	0.0948216281831264	0.09861335009336471	0.1019521504640579	-8.237784976955071	0		10	8.237784976955071	1.0
protein_coding	ENSG00000185294	SPPL2C	protein_coding	chr17:45841247:T:C	upstream	dELS	upstream|dELS	1	0.0905190780758857	0.0905190780758857	0.0905190780758857	0.0905190780758857	-6.150235342120427	0		1	6.150235342120427	1.0
protein_coding	ENSG00000256762	STH	protein_coding	chr17:45864492:T:G	upstream	dELS	upstream|dELS	9	0.0819144306911362	0.0845872610807418	0.08684546202421185	0.0873500630259513	-7.439624700401639	0		9	7.439624700401639	1.0
protein_coding	ENSG00000256762	STH	protein_coding	chr17:45902605:C:T	upstream	dELS	upstream|dELS	1	0.0734749138355255	0.0734749138355255	0.0734749138355255	0.0734749138355255	7.819724745688951	1	7.819724745688951	0		1.0
protein_coding	ENSG00000256762	STH	protein_coding	chr17:45903164:A:C	upstream	dELS	upstream|dELS	4	0.10681855119764802	0.11246267333626744	0.12030440643429752	0.1221590712666511	11.937680031015452	4	11.937680031015452	0		1.0
protein_coding	ENSG00000256762	STH	protein_coding	chr17:45907498:C:T	upstream	dELS	upstream|dELS	2	0.076571300625801	0.076571300625801	0.07783986032009116	0.0781570002436637	-6.936428333839537	0		2	6.936428333839537	1.0
protein_coding	ENSG00000256762	STH	protein_coding	chr17:45908231:C:T	upstream	dELS	upstream|dELS	3	0.09490043421586353	0.0884592905640602	0.10470646172761916	0.1087682545185089	10.13156622985462	3	10.13156622985462	0		1.0
protein_coding	ENSG00000256762	STH	protein_coding	chr17:45935980:T:C	upstream	dELS	upstream|dELS	4	0.07660706155002112	0.07616173848509784	0.08041578903794282	0.0810176655650138	8.256047349136397	4	8.256047349136397	0		1.0
protein_coding	ENSG00000256762	STH	protein_coding	chr17:45936117:A:G	upstream	dELS	upstream|dELS	16	0.1785121271386742	0.08835569769144055	0.3951781094074249	0.4311122000217438	21.463866776795847	12	31.097264665729323	4	7.43632689000456	0.75
protein_coding	ENSG00000256762	STH	protein_coding	chr17:45941033:A:G	upstream	dELS	upstream|dELS	9	0.09589011387692552	0.0854372680187225	0.11980132758617394	0.1314984411001205	-8.706328805974628	0		9	8.706328805974628	1.0
protein_coding	ENSG00000256762	STH	protein_coding	chr17:45949182:T:C	upstream	dELS	upstream|dELS	5	0.08327079415321346	0.0852721184492111	0.0872348472476005	0.0874775275588035	-7.813244931538614	0		5	7.813244931538614	1.0
protein_coding	ENSG00000256762	STH	protein_coding	chr17:45977230:T:G	upstream	dELS	upstream|dELS	3	0.10353632519642507	0.1152126193046569	0.12049006819725033	0.1218094304203987	6.430871840673658	2	13.070884874659482	1	6.849154227297989	0.6666666666666666
protein_coding	ENSG00000256762	STH	protein_coding	chr17:45977305:C:T	upstream	dELS	upstream|dELS	2	0.0837718956172466	0.0837718956172466	0.08700711950659748	0.0878159254789352	8.832068285772188	2	8.832068285772188	0		1.0
protein_coding	ENSG00000256762	STH	protein_coding	chr17:45997069:C:G	upstream	dELS	upstream|dELS	2	0.0755374766886234	0.0755374766886234	0.07625318244099612	0.0764321088790893	-6.953493641672552	0		2	6.953493641672552	1.0
protein_coding	ENSG00000137310	TCF19	protein_coding	chr6:31144825:G:C	upstream	dELS	upstream|dELS	2	0.09595830366015429	0.09595830366015429	0.10815590843558309	0.1112053096294403	9.595190502223232	2	9.595190502223232	0		1.0
protein_coding	ENSG00000173578	XCR1	protein_coding	chr3:46098581:G:T	upstream	dELS	upstream|dELS	4	0.09376783668994901	0.09275949001312256	0.10060942545533177	0.1020763590931892	-9.35978568335966	0		4	9.35978568335966	1.0
protein_coding	ENSG00000204542	C6orf15	protein_coding	chr6:31117423:A:G	upstream	none	upstream|none	74	0.09280988916351984	0.0917279981076717	0.10742907226085659	0.1333177238702774	10.167647194957336	74	10.167647194957336	0		1.0
protein_coding	ENSG00000121807	CCR2	protein_coding	chr3:46325519:A:C	upstream	none	upstream|none	4	0.09816522151231762	0.0955236256122589	0.10390746071934695	0.1074713543057441	10.652943206521591	4	10.652943206521591	0		1.0
protein_coding	ENSG00000160791	CCR5	protein_coding	chr3:46370768:C:T	upstream	none	upstream|none	33	0.09105221204685439	0.0904392376542091	0.10646210163831708	0.1513747870922088	-0.384868500029472	17	8.291439790764377	16	9.603446058997935	0.5151515151515151
protein_coding	ENSG00000173585	CCR9	protein_coding	chr3:45861003:T:C	upstream	none	upstream|none	6	0.09604857986172037	0.099942397326231	0.1025832183659076	0.1035851761698722	9.419033173096738	6	9.419033173096738	0		1.0
protein_coding	ENSG00000173585	CCR9	protein_coding	chr3:45883461:T:C	upstream	none	upstream|none	1	0.0758595541119575	0.0758595541119575	0.0758595541119575	0.0758595541119575	-7.455833874302891	0		1	7.455833874302891	1.0
protein_coding	ENSG00000120088	CRHR1	protein_coding	chr17:45721536:C:T	upstream	none	upstream|none	46	0.10982626061076699	0.1033069491386413	0.14816897362470624	0.17097969353199	-9.483517535604793	1	8.256664800258692	45	9.877743809735094	0.9782608695652174
protein_coding	ENSG00000120088	CRHR1	protein_coding	chr17:45748112:G:A	upstream	none	upstream|none	14	0.07878026472670688	0.07754154875874514	0.08538532853126524	0.0863258317112922	8.524281142722343	14	8.524281142722343	0		1.0
lncRNA	ENSG00000262372	ENSG00000262372	lncRNA	chr17:45996373:G:A	upstream	none	upstream|none	9	0.0785205405619409	0.074881799519062	0.08703139424324031	0.0871367156505584	-7.278190975274863	0		9	7.278190975274863	1.0
lncRNA	ENSG00000262372	ENSG00000262372	lncRNA	chr17:46034247:A:G	upstream	none	upstream|none	1	0.113921470940113	0.113921470940113	0.113921470940113	0.113921470940113	12.85681441415278	1	12.85681441415278	0		1.0
lncRNA	ENSG00000262881	ENSG00000262881	lncRNA	chr17:45935823:C:T	upstream	none	upstream|none	123	0.18020257735397757	0.1755869686603546	0.27031095623970025	0.4441566169261932	23.120445270645025	123	23.120445270645025	0		1.0
lncRNA	ENSG00000265547	ENSG00000265547	lncRNA	chr17:45733005:G:C	upstream	none	upstream|none	6	0.08405592416723566	0.0844740495085716	0.08812733739614484	0.0898718237876892	9.178817988043262	6	9.178817988043262	0		1.0
lncRNA	ENSG00000288720	ENSG00000288720	lncRNA	chr3:45773677:T:C	upstream	none	upstream|none	8	0.15148655511438844	0.17355891317129135	0.19688130170106882	0.196926936507225	15.147624683655685	8	15.147624683655685	0		1.0
lncRNA	ENSG00000288720	ENSG00000288720	lncRNA	chr3:45793496:A:T	upstream	none	upstream|none	1	0.0744271427392959	0.0744271427392959	0.0744271427392959	0.0744271427392959	-6.927146569823465	0		1	6.927146569823465	1.0
protein_coding	ENSG00000243646	IL10RB	protein_coding	chr21:33245424:A:G	upstream	none	upstream|none	1	0.0825799331068992	0.0825799331068992	0.0825799331068992	0.0825799331068992	9.000896093143552	1	9.000896093143552	0		1.0
lncRNA	ENSG00000229086	LINC01548	lncRNA	chr21:33245424:A:G	upstream	none	upstream|none	1	0.0813644230365753	0.0813644230365753	0.0813644230365753	0.0813644230365753	8.857097158387397	1	8.857097158387397	0		1.0
lncRNA	ENSG00000255427	LINC02707	lncRNA	chr11:34496494:T:C	upstream	none	upstream|none	1	0.0786251723766326	0.0786251723766326	0.0786251723766326	0.0786251723766326	-7.289390975709257	0		1	7.289390975709257	1.0
lncRNA	ENSG00000264589	MAPT-AS1	lncRNA	chr17:45935823:C:T	upstream	none	upstream|none	4	0.20866425335407254	0.2056825086474418	0.24408321380615233	0.2533314526081085	26.527398507256454	4	26.527398507256454	0		1.0
lncRNA	ENSG00000279685	MAPT-IT1	lncRNA	chr17:45894571:C:A	upstream	none	upstream|none	55	0.11065318530256095	0.1039312481880188	0.14849566817283624	0.1867406368255615	-9.89398939047426	0		55	9.89398939047426	1.0
protein_coding	ENSG00000163817	SLC6A20	protein_coding	chr3:45796808:G:A	upstream	none	upstream|none	17	0.11676744064863985	0.1030514761805534	0.15589770078659057	0.1989205330610275	11.650383501351243	17	11.650383501351243	0		1.0
protein_coding	ENSG00000163817	SLC6A20	protein_coding	chr3:45807778:T:G	upstream	none	upstream|none	53	0.1911470410677622	0.1168497279286384	0.3804049611091614	0.4397834241390228	25.813163412686148	49	28.52276120207771	4	7.3794095073603865	0.9245283018867925
protein_coding	ENSG00000185294	SPPL2C	protein_coding	chr17:45835216:C:T	upstream	none	upstream|none	10	0.1026769287884235	0.10386346653103826	0.12148153781890861	0.1305406987667083	10.571379829946746	10	10.571379829946746	0		1.0
protein_coding	ENSG00000256762	STH	protein_coding	chr17:45894571:C:A	upstream	none	upstream|none	27	0.09610994601691207	0.0942384302616119	0.11864134967327117	0.1232726797461509	-8.414528373909977	0		27	8.414528373909977	1.0
protein_coding	ENSG00000256762	STH	protein_coding	chr17:45908296:T:C	upstream	none	upstream|none	9	0.09565420200427369	0.0872713476419448	0.11537883877754206	0.1234578788280487	-8.457263765368268	0		9	8.457263765368268	1.0
protein_coding	ENSG00000256762	STH	protein_coding	chr17:45935823:C:T	upstream	none	upstream|none	5	0.09581579267978661	0.0983282327651977	0.10711912512779229	0.1085087060928344	-8.700685531927766	0		5	8.700685531927766	1.0
protein_coding	ENSG00000256762	STH	protein_coding	chr17:45996373:G:A	upstream	none	upstream|none	1	0.0774849876761436	0.0774849876761436	0.0774849876761436	0.0774849876761436	-6.950425747647758	0		1	6.950425747647758	1.0
protein_coding	ENSG00000104804	TULP2	protein_coding	chr19:48899429:G:T	upstream	none	upstream|none	14	0.08213432771818974	0.08076839521527285	0.0929233089089393	0.0983661115169525	8.88692333552445	14	8.88692333552445	0		1.0
protein_coding	ENSG00000104804	TULP2	protein_coding	chr19:48899798:A:G	upstream	none	upstream|none	4	0.08284815773367878	0.0818070918321609	0.09206458479166028	0.0942886099219322	-7.5707961072482055	0		4	7.5707961072482055	1.0
protein_coding	ENSG00000204542	C6orf15	protein_coding	chr6:31115133:C:G	upstream	pELS	upstream|pELS	198	0.28131807019764726	0.26754583418369293	0.41369644105434417	0.5152747631072998	-21.238077547747043	0		198	21.238077547747043	1.0
protein_coding	ENSG00000163823	CCR1	protein_coding	chr3:46208438:A:T	upstream	pELS	upstream|pELS	133	0.28005213458511163	0.1387716084718704	0.6738453507423401	0.9488912224769592	26.960745738238916	126	28.992358696576716	7	9.608287511841322	0.9473684210526315
protein_coding	ENSG00000163823	CCR1	protein_coding	chr3:46208517:G:A	upstream	pELS	upstream|pELS	116	0.11759609440020447	0.11366562917828554	0.166867583990097	0.2243008762598037	9.74185320563259	106	11.758718498072415	10	11.63691889422956	0.9137931034482759
protein_coding	ENSG00000121807	CCR2	protein_coding	chr3:46352928:C:A	upstream	pELS	upstream|pELS	8	0.12366351019591088	0.11412804201245305	0.19297549575567238	0.1981820464134216	-10.353226485899803	0		8	10.353226485899803	1.0
protein_coding	ENSG00000121807	CCR2	protein_coding	chr3:46353822:A:G	upstream	pELS	upstream|pELS	36	0.08602606629331905	0.08525734767317769	0.09759952500462529	0.1005306541919708	-4.181227373643575	10	7.839840360416853	26	8.804714963666818	0.7222222222222222
protein_coding	ENSG00000160791	CCR5	protein_coding	chr3:46370051:G:A	upstream	pELS	upstream|pELS	6	0.0906238866349061	0.09370817244052884	0.0980407409369945	0.0983343571424484	-9.06105322292254	0		6	9.06105322292254	1.0
protein_coding	ENSG00000120088	CRHR1	protein_coding	chr17:45733507:A:T	upstream	pELS	upstream|pELS	78	0.14959679754116595	0.13574969768524164	0.22678532451391217	0.3129538297653198	-12.473545634073236	1	7.687311317394093	77	12.735374945131253	0.9871794871794872
protein_coding	ENSG00000120088	CRHR1	protein_coding	chr17:45783751:C:T	upstream	pELS	upstream|pELS	4	0.08287687040865414	0.08500064164400095	0.08832079693675035	0.0887624025344848	8.866505701229748	4	8.866505701229748	0		1.0
lncRNA	ENSG00000262372	ENSG00000262372	lncRNA	chr17:46035272:T:C	upstream	pELS	upstream|pELS	13	0.15132171832598168	0.1363953948020935	0.19173979759216303	0.2340929508209228	-13.05478866726486	0		13	13.05478866726486	1.0
lncRNA	ENSG00000265547	ENSG00000265547	lncRNA	chr17:45733507:A:T	upstream	pELS	upstream|pELS	75	0.10386672566334401	0.0930676236748695	0.1583744555711746	0.1888609379529953	-9.349236530750094	0		75	9.349236530750094	1.0
lncRNA	ENSG00000288724	ENSG00000288724	lncRNA	chr3:46294178:G:A	upstream	pELS	upstream|pELS	121	0.17975621510389422	0.162390649318695	0.2630606889724731	0.5366238355636597	-14.83536595603921	0		121	14.83536595603921	1.0
protein_coding	ENSG00000105550	FGF21	protein_coding	chr19:48753131:T:C	upstream	pELS	upstream|pELS	60	0.11623430537680782	0.1117102243006229	0.15158241987228388	0.1910314261913299	11.423718080258906	60	11.423718080258906	0		1.0
protein_coding	ENSG00000105371	ICAM4	protein_coding	chr19:10286554:C:T	upstream	pELS	upstream|pELS	1	0.0730839073657989	0.0730839073657989	0.0730839073657989	0.0730839073657989	-7.308229884354171	0		1	7.308229884354171	1.0
protein_coding	ENSG00000182264	IZUMO1	protein_coding	chr19:48753131:T:C	upstream	pELS	upstream|pELS	25	0.10401842385530469	0.0986930280923843	0.12990311682224273	0.1554591506719589	8.893704320682827	23	10.481658685233683	2	9.36777087165202	0.92
lncRNA	ENSG00000283646	LINC02009	lncRNA	chr3:46423865:G:A	upstream	pELS	upstream|pELS	61	0.10305970614073703	0.0956221744418144	0.1403588950634002	0.1863150298595428	9.693195783023238	59	10.338551980433387	2	9.344812040576143	0.9672131147540983
lncRNA	ENSG00000205015	LINC02138	lncRNA	chr16:89164605:A:T	upstream	pELS	upstream|pELS	1	0.0764307603240013	0.0764307603240013	0.0764307603240013	0.0764307603240013	-7.643070879606051	0		1	7.643070879606051	1.0
lncRNA	ENSG00000238160	LINC02863	lncRNA	chr5:132427482:T:C	upstream	pELS	upstream|pELS	18	0.08686394741137818	0.085491057485342	0.09548956453800198	0.0965627804398536	-7.028103892454158	1	9.382431137217758	17	7.993429482434859	0.9444444444444444
lncRNA	ENSG00000279685	MAPT-IT1	lncRNA	chr17:45894238:C:G	upstream	pELS	upstream|pELS	3	0.07522686322530107	0.0753725543618202	0.07538101822137827	0.0753831341862678	-1.9731767771297821	1	8.099331839531118	2	7.009431085460232	0.6666666666666666
lncRNA	ENSG00000279685	MAPT-IT1	lncRNA	chr17:45894419:A:G	upstream	pELS	upstream|pELS	14	0.09891207090445923	0.1002852581441402	0.11143479496240608	0.1124391481280326	10.995003888765691	14	10.995003888765691	0		1.0
lncRNA	ENSG00000279685	MAPT-IT1	lncRNA	chr17:45895215:C:T	upstream	pELS	upstream|pELS	12	0.07753266828755534	0.0757385268807411	0.08267167806625364	0.0863609015941619	8.406862472288873	12	8.406862472288873	0		1.0
lncRNA	ENSG00000286940	MICB-DT	lncRNA	chr6:31495844:A:G	upstream	pELS	upstream|pELS	9	0.08172306915124256	0.0784199386835098	0.08918886780738826	0.0907861590385437	-7.5517111857918815	0		9	7.5517111857918815	1.0
protein_coding	ENSG00000117983	MUC5B	protein_coding	chr11:1219991:G:T	upstream	pELS	upstream|pELS	45	0.18678236222929426	0.1444791257381439	0.3139340817928314	0.4876300096511841	-3.8157465917719935	20	14.39389950464754	25	18.38346346890762	0.5555555555555556
protein_coding	ENSG00000131400	NAPSA	protein_coding	chr19:50368861:A:G	upstream	pELS	upstream|pELS	33	0.08479696828307524	0.0830632597208023	0.09718203842639916	0.1024176254868507	-8.448994455180019	0		33	8.448994455180019	1.0
protein_coding	ENSG00000204538	PSORS1C2	protein_coding	chr6:31142614:G:C	upstream	pELS	upstream|pELS	8	0.07923896890133615	0.0796203389763832	0.08528875559568397	0.0853024721145629	7.81635455489716	8	7.81635455489716	0		1.0
protein_coding	ENSG00000160326	SLC2A6	protein_coding	chr9:133479491:G:A	upstream	pELS	upstream|pELS	2	0.08454295247793189	0.08454295247793189	0.09254686683416359	0.0945478454232215	9.247005022282986	2	9.247005022282986	0		1.0
protein_coding	ENSG00000185294	SPPL2C	protein_coding	chr17:45733507:A:T	upstream	pELS	upstream|pELS	28	0.09344887174665924	0.0925041548907756	0.11464819014072412	0.1208365634083747	-8.133768124324465	0		28	8.133768124324465	1.0
protein_coding	ENSG00000256762	STH	protein_coding	chr17:45894238:C:G	upstream	pELS	upstream|pELS	4	0.07908940128982063	0.07765297591686245	0.08534741029143329	0.0871234238147735	-7.310961145965075	0		4	7.310961145965075	1.0
protein_coding	ENSG00000256762	STH	protein_coding	chr17:45895215:C:T	upstream	pELS	upstream|pELS	3	0.0831427176793416	0.0797156020998954	0.08957323282957075	0.0920376405119896	8.492634440924727	3	8.492634440924727	0		1.0
protein_coding	ENSG00000104804	TULP2	protein_coding	chr19:48899230:C:T	upstream	pELS	upstream|pELS	56	0.11743227711745666	0.11681333556771276	0.15264426171779624	0.1878662407398224	13.380410606542066	56	13.380410606542066	0		1.0
protein_coding	ENSG00000165197	VEGFD	protein_coding	chrX:15493034:C:T	upstream	pELS	upstream|pELS	1	0.0745786130428314	0.0745786130428314	0.0745786130428314	0.0745786130428314	-7.455611608894111	0		1	7.455611608894111	1.0
