snv_id,gene_id
chr10:79946568:A:G,ENSG00000133661
chr10:79982402:T:G,ENSG00000133661
chr10:79986521:G:T,ENSG00000133661
chr11:1219991:G:T,ENSG00000117983
chr11:34439164:G:A,ENSG00000121691
chr11:34495948:T:A,ENSG00000135374
chr11:34501596:C:T,ENSG00000135374
chr11:34501626:G:A,ENSG00000135374
chr12:112919388:G:A,ENSG00000089127
chr12:112919432:G:C,ENSG00000089127
chr12:112925169:A:G,ENSG00000089127
chr12:112938515:C:T,ENSG00000111331
chr12:112938515:C:T,ENSG00000111335
chr12:112938526:C:A,ENSG00000111331
chr12:112987349:C:G,ENSG00000111335
chr12:132493308:G:A,ENSG00000112787
chr17:45425928:A:C,ENSG00000159314
chr17:45432821:G:C,ENSG00000159314
chr17:45646564:A:G,ENSG00000120088
chr17:45719880:C:T,ENSG00000120088
chr17:45721536:C:T,ENSG00000120088
chr17:45733507:A:T,ENSG00000120088
chr17:45733507:A:T,ENSG00000185294
chr17:45733507:A:T,ENSG00000263715
chr17:45748112:G:A,ENSG00000120088
chr17:45771095:G:A,ENSG00000120088
chr17:45771095:G:A,ENSG00000185294
chr17:45781699:T:C,ENSG00000120088
chr17:45783751:C:T,ENSG00000120088
chr17:45835216:C:T,ENSG00000120088
chr17:45835216:C:T,ENSG00000185294
chr17:45841247:T:C,ENSG00000185294
chr17:45846764:G:A,ENSG00000185294
chr17:45864492:T:G,ENSG00000256762
chr17:45894238:C:G,ENSG00000256762
chr17:45894571:C:A,ENSG00000186868
chr17:45894571:C:A,ENSG00000256762
chr17:45895215:C:T,ENSG00000186868
chr17:45895215:C:T,ENSG00000256762
chr17:45895755:G:C,ENSG00000256762
chr17:45902605:C:T,ENSG00000256762
chr17:45903164:A:C,ENSG00000186868
chr17:45903164:A:C,ENSG00000256762
chr17:45907498:C:T,ENSG00000256762
chr17:45908231:C:T,ENSG00000256762
chr17:45908296:T:C,ENSG00000186868
chr17:45908296:T:C,ENSG00000256762
chr17:45935823:C:T,ENSG00000186868
chr17:45935823:C:T,ENSG00000256762
chr17:45935980:T:C,ENSG00000186868
chr17:45935980:T:C,ENSG00000256762
chr17:45936117:A:G,ENSG00000186868
chr17:45936117:A:G,ENSG00000256762
chr17:45941033:A:G,ENSG00000186868
chr17:45941033:A:G,ENSG00000256762
chr17:45949182:T:C,ENSG00000186868
chr17:45949182:T:C,ENSG00000256762
chr17:45977230:T:G,ENSG00000186868
chr17:45977230:T:G,ENSG00000256762
chr17:45977305:C:T,ENSG00000256762
chr17:45996373:G:A,ENSG00000256762
chr17:45997069:C:G,ENSG00000256762
chr17:46001466:G:A,ENSG00000256762
chr17:46005237:A:C,ENSG00000186868
chr17:49701431:C:T,ENSG00000121073
chr19:10286554:C:T,ENSG00000105371
chr19:10293551:C:G,ENSG00000105376
chr19:10305768:G:A,ENSG00000105376
chr19:10305768:G:A,ENSG00000220201
chr19:10338200:T:A,ENSG00000076662
chr19:10430708:C:G,ENSG00000065989
chr19:10517365:A:C,ENSG00000180739
chr19:4641403:C:T,ENSG00000185361
chr19:48705753:T:C,ENSG00000176920
chr19:48714048:A:G,ENSG00000176909
chr19:48717066:A:G,ENSG00000176909
chr19:48735769:T:C,ENSG00000105538
chr19:48744529:G:A,ENSG00000182264
chr19:48745473:G:A,ENSG00000182264
chr19:48746631:G:A,ENSG00000182264
chr19:48746982:C:T,ENSG00000182264
chr19:48753131:T:C,ENSG00000105550
chr19:48753131:T:C,ENSG00000174951
chr19:48753131:T:C,ENSG00000182264
chr19:48758111:T:C,ENSG00000105550
chr19:48867352:G:T,ENSG00000105559
chr19:48867984:T:C,ENSG00000105559
chr19:48872419:T:C,ENSG00000087074
chr19:48875910:C:T,ENSG00000087074
chr19:48876609:A:G,ENSG00000087074
chr19:48876620:C:T,ENSG00000104804
chr19:48876645:C:T,ENSG00000087074
chr19:48876645:C:T,ENSG00000104804
chr19:48888513:G:A,ENSG00000104804
chr19:48895590:A:G,ENSG00000104804
chr19:48895683:C:G,ENSG00000104804
chr19:48896419:T:C,ENSG00000104804
chr19:48896721:T:C,ENSG00000104804
chr19:48898695:A:C,ENSG00000104804
chr19:48899230:C:T,ENSG00000104804
chr19:48899429:G:T,ENSG00000104804
chr19:48899798:A:G,ENSG00000104804
chr19:50344768:G:A,ENSG00000131398
chr19:50368861:A:G,ENSG00000131400
chr1:155185159:A:G,ENSG00000185499
chr1:155185239:G:A,ENSG00000185499
chr1:155192276:C:T,ENSG00000185499
chr1:155208991:T:A,ENSG00000169231
chr21:33216965:A:G,ENSG00000159110
chr21:33216965:A:G,ENSG00000249624
chr21:33229941:T:G,ENSG00000159110
chr21:33230489:G:T,ENSG00000159110
chr21:33244244:A:T,ENSG00000159110
chr21:33245424:A:G,ENSG00000159110
chr21:33245424:A:G,ENSG00000243646
chr21:33245424:A:G,ENSG00000249624
chr21:34023138:G:C,ENSG00000198743
chr2:26610441:G:T,ENSG00000157884
chr3:101692131:G:C,ENSG00000293268
chr3:101700939:G:A,ENSG00000293268
chr3:101769337:T:A,ENSG00000182504
chr3:45773677:T:C,ENSG00000163817
chr3:45793496:A:T,ENSG00000163817
chr3:45793584:G:A,ENSG00000163817
chr3:45793925:G:A,ENSG00000163817
chr3:45796521:G:T,ENSG00000163817
chr3:45796686:C:T,ENSG00000163817
chr3:45796808:G:A,ENSG00000163817
chr3:45807778:T:G,ENSG00000163817
chr3:45818159:G:A,ENSG00000163817
chr3:45818159:G:A,ENSG00000163818
chr3:45861003:T:C,ENSG00000173585
chr3:45864864:G:A,ENSG00000173585
chr3:45883461:T:C,ENSG00000173585
chr3:45886267:T:C,ENSG00000173585
chr3:45888730:A:G,ENSG00000173585
chr3:45889513:T:A,ENSG00000163817
chr3:45889513:T:A,ENSG00000173585
chr3:45940922:C:T,ENSG00000172215
chr3:45942808:C:G,ENSG00000172215
chr3:45943855:C:G,ENSG00000172215
chr3:45947552:T:G,ENSG00000172215
chr3:45948429:G:T,ENSG00000172215
chr3:45948725:A:G,ENSG00000172215
chr3:46017992:T:C,ENSG00000173578
chr3:46023126:G:C,ENSG00000173578
chr3:46024271:G:A,ENSG00000173578
chr3:46027272:A:C,ENSG00000173578
chr3:46027343:G:T,ENSG00000173578
chr3:46027718:G:A,ENSG00000173578
chr3:46027727:A:G,ENSG00000173578
chr3:46028081:A:C,ENSG00000173578
chr3:46030058:G:T,ENSG00000173578
chr3:46046453:A:T,ENSG00000172215
chr3:46046453:A:T,ENSG00000173578
chr3:46046500:G:A,ENSG00000173578
chr3:46059612:T:A,ENSG00000173578
chr3:46059711:A:G,ENSG00000173578
chr3:46098581:G:T,ENSG00000163823
chr3:46098581:G:T,ENSG00000173578
chr3:46098581:G:T,ENSG00000183625
chr3:46109445:G:A,ENSG00000163823
chr3:46127668:G:C,ENSG00000163823
chr3:46127668:G:C,ENSG00000183625
chr3:46208231:A:G,ENSG00000163823
chr3:46208438:A:T,ENSG00000163823
chr3:46208438:A:T,ENSG00000183625
chr3:46208517:G:A,ENSG00000163823
chr3:46223821:C:G,ENSG00000183625
chr3:46262206:C:G,ENSG00000183625
chr3:46265209:T:C,ENSG00000183625
chr3:46294178:G:A,ENSG00000183625
chr3:46325519:A:C,ENSG00000121807
chr3:46349899:A:G,ENSG00000121807
chr3:46349899:A:G,ENSG00000160791
chr3:46352928:C:A,ENSG00000121807
chr3:46353822:A:G,ENSG00000121807
chr3:46362190:G:A,ENSG00000121807
chr3:46370051:G:A,ENSG00000160791
chr3:46370768:C:T,ENSG00000160791
chr3:46442770:C:G,ENSG00000012223
chr3:46442770:C:G,ENSG00000121797
chr3:46442770:C:G,ENSG00000163825
chr3:46462416:T:G,ENSG00000012223
chr3:46510923:T:C,ENSG00000163825
chr3:46545966:A:C,ENSG00000163825
chr3:46545966:A:C,ENSG00000163827
chr3:46545966:A:C,ENSG00000241186
chr3:46545966:A:C,ENSG00000283877
chr5:132076545:A:G,ENSG00000164400
chr6:31112217:C:T,ENSG00000204542
chr6:31115133:C:G,ENSG00000204538
chr6:31115133:C:G,ENSG00000204539
chr6:31115133:C:G,ENSG00000204540
chr6:31115133:C:G,ENSG00000204542
chr6:31117423:A:G,ENSG00000204542
chr6:31120455:A:G,ENSG00000204539
chr6:31120455:A:G,ENSG00000204540
chr6:31120455:A:G,ENSG00000204542
chr6:31120464:C:T,ENSG00000204539
chr6:31120464:C:T,ENSG00000204540
chr6:31120464:C:T,ENSG00000204542
chr6:31120548:A:G,ENSG00000204539
chr6:31120548:A:G,ENSG00000204540
chr6:31120548:A:G,ENSG00000204542
chr6:31142614:G:C,ENSG00000204538
chr6:31144825:G:C,ENSG00000137310
chr6:31144825:G:C,ENSG00000204531
chr6:31144825:G:C,ENSG00000204536
chr6:31144825:G:C,ENSG00000204538
chr6:31144825:G:C,ENSG00000204540
chr6:31158455:C:T,ENSG00000137310
chr6:31158455:C:T,ENSG00000204531
chr6:31158455:C:T,ENSG00000204536
chr6:31158455:C:T,ENSG00000204538
chr6:31165179:G:C,ENSG00000204531
chr6:31173894:C:T,ENSG00000204531
chr6:31348302:A:C,ENSG00000234745
chr6:31495844:A:G,ENSG00000204516
chr9:133245627:G:A,ENSG00000171102
chr9:133245627:G:A,ENSG00000175164
chr9:133251108:C:T,ENSG00000171102
chr9:133251108:C:T,ENSG00000175164
chr9:133252094:A:G,ENSG00000175164
chr9:133252569:A:C,ENSG00000171102
chr9:133252569:A:C,ENSG00000175164
chr9:133257791:G:A,ENSG00000175164
chr9:133258141:G:A,ENSG00000175164
chr9:133258323:A:G,ENSG00000171102
chr9:133258323:A:G,ENSG00000175164
chr9:133269277:G:T,ENSG00000171102
chr9:133269277:G:T,ENSG00000175164
chr9:133269706:T:C,ENSG00000171102
chr9:133269706:T:C,ENSG00000175164
chr9:133271745:T:C,ENSG00000175164
chr9:133273232:C:T,ENSG00000175164
chr9:133273233:C:G,ENSG00000175164
chr9:133274084:C:T,ENSG00000175164
chr9:133418770:C:T,ENSG00000160323
chr9:133479491:G:A,ENSG00000160326
chr9:21206606:C:G,ENSG00000186803
chr9:21236568:G:T,ENSG00000228083
chrX:15493034:C:T,ENSG00000087842
chrX:15493034:C:T,ENSG00000165197
chrX:15602217:T:C,ENSG00000102010
chrX:15602217:T:C,ENSG00000130234
chrX:15602217:T:C,ENSG00000147003
chrX:15602217:T:C,ENSG00000285602
